taz_key,median_rent,no_of_rentals,taz_driving,taz_transit,commuter_count,home_superD,commute_cost_min,commute_cost_median,all_costs,all_index,com_index,rent_index
2.0,5200.0,23,7.0,8.0,47,1.0,48.0,144.0,5344.0,58.0,8.0,61.0
3.0,1500.0,40,6.0,5.0,77,1.0,38.0,114.0,1614.0,18.0,6.0,18.0
4.0,4625.0,38,6.0,4.0,23,1.0,37.0,109.0,4734.0,52.0,6.0,54.0
5.0,2650.0,205,9.0,9.0,230,1.0,60.0,178.0,2828.0,31.0,10.0,31.0
6.0,2272.5,344,9.0,12.0,1311,1.0,65.0,193.0,2465.5,27.0,11.0,27.0
7.0,2095.0,397,11.0,14.0,2045,1.0,78.0,233.0,2328.0,25.0,13.0,25.0
8.0,1645.0,141,12.0,16.0,2142,1.0,87.0,258.0,1903.0,21.0,15.0,19.0
9.0,2150.0,469,13.0,18.0,3320,1.0,95.0,282.0,2432.0,27.0,16.0,25.0
10.0,3424.0,504,15.0,19.0,888,1.0,107.0,317.0,3741.0,41.0,18.0,40.0
11.0,3277.0,236,16.0,16.0,1391,1.0,107.0,317.0,3594.0,39.0,18.0,39.0
12.0,3900.0,79,7.0,10.0,52,1.0,52.0,154.0,4054.0,44.0,9.0,46.0
13.0,3400.0,13,11.0,9.0,61,1.0,70.0,208.0,3608.0,39.0,12.0,40.0
14.0,6090.0,110,12.0,12.0,50,1.0,80.0,238.0,6328.0,69.0,14.0,72.0
16.0,4295.0,619,16.0,22.0,772,1.0,117.0,347.0,4642.0,51.0,20.0,51.0
17.0,4250.0,533,19.0,29.0,2585,1.0,143.0,426.0,4676.0,51.0,24.0,50.0
18.0,3295.0,489,17.0,20.0,134,1.0,118.0,352.0,3647.0,40.0,20.0,39.0
19.0,3500.0,84,15.0,25.0,584,1.0,117.0,347.0,3847.0,42.0,20.0,41.0
20.0,3700.0,186,16.0,25.0,834,1.0,122.0,362.0,4062.0,44.0,21.0,44.0
21.0,3648.0,567,13.0,22.0,1066,1.0,102.0,302.0,3950.0,43.0,17.0,43.0
22.0,3500.0,59,17.0,21.0,616,1.0,120.0,357.0,3857.0,42.0,20.0,41.0
23.0,4135.0,142,15.0,23.0,215,1.0,113.0,337.0,4472.0,49.0,19.0,49.0
24.0,2285.0,20,11.0,15.0,165,1.0,80.0,238.0,2523.0,28.0,14.0,27.0
25.0,3200.0,7,12.0,16.0,849,1.0,87.0,258.0,3458.0,38.0,15.0,38.0
26.0,1587.5,10,10.0,12.0,436,1.0,70.0,208.0,1795.5,20.0,12.0,19.0
27.0,3027.0,87,10.0,10.0,914,1.0,67.0,198.0,3225.0,35.0,11.0,36.0
28.0,3650.0,247,11.0,16.0,1260,1.0,82.0,243.0,3893.0,42.0,14.0,43.0
29.0,3250.0,306,9.0,12.0,1804,1.0,65.0,193.0,3443.0,38.0,11.0,38.0
30.0,1874.0,328,11.0,16.0,2712,1.0,82.0,243.0,2117.0,23.0,14.0,22.0
31.0,2300.0,279,11.0,19.0,1469,1.0,87.0,258.0,2558.0,28.0,15.0,27.0
32.0,2750.0,493,12.0,22.0,2088,1.0,97.0,287.0,3037.0,33.0,16.0,32.0
33.0,3750.0,163,13.0,23.0,1811,1.0,103.0,307.0,4057.0,44.0,18.0,44.0
34.0,3750.0,215,15.0,26.0,1588,1.0,118.0,352.0,4102.0,45.0,20.0,44.0
35.0,5e3,262,14.0,24.0,1774,1.0,110.0,327.0,5327.0,58.0,19.0,59.0
36.0,3595.0,48,12.0,20.0,1452,1.0,93.0,278.0,3873.0,42.0,16.0,42.0
37.0,3200.0,161,15.0,20.0,1488,1.0,108.0,322.0,3522.0,38.0,18.0,38.0
38.0,3922.5,246,19.0,29.0,1781,1.0,143.0,426.0,4348.5,47.0,24.0,46.0
39.0,4209.0,303,15.0,24.0,1356,1.0,115.0,342.0,4551.0,50.0,19.0,50.0
40.0,4300.0,348,17.0,27.0,1479,1.0,130.0,387.0,4687.0,51.0,22.0,51.0
41.0,3e3,72,18.0,27.0,1157,1.0,135.0,401.0,3401.0,37.0,23.0,35.0
42.0,3750.0,11,24.0,41.0,2363,1.0,188.0,560.0,4310.0,47.0,32.0,44.0
43.0,3550.0,224,19.0,38.0,1816,2.0,158.0,471.0,4021.0,44.0,27.0,42.0
44.0,3650.0,409,19.0,36.0,2318,2.0,155.0,461.0,4111.0,45.0,26.0,43.0
45.0,3300.0,224,17.0,33.0,1597,2.0,140.0,416.0,3716.0,41.0,24.0,39.0
46.0,4250.0,762,15.0,28.0,3112,2.0,122.0,362.0,4612.0,50.0,21.0,50.0
47.0,3950.0,103,14.0,29.0,905,2.0,118.0,352.0,4302.0,47.0,20.0,46.0
48.0,3997.5,122,14.0,30.0,1355,2.0,120.0,357.0,4354.5,47.0,20.0,47.0
49.0,4995.0,384,15.0,28.0,1462,2.0,122.0,362.0,5357.0,58.0,21.0,59.0
50.0,3975.0,310,18.0,36.0,1543,2.0,150.0,446.0,4421.0,48.0,25.0,47.0
51.0,4050.0,186,21.0,39.0,1272,2.0,170.0,505.0,4555.0,50.0,29.0,48.0
52.0,3648.0,106,20.0,44.0,1108,2.0,173.0,515.0,4163.0,45.0,29.0,43.0
53.0,3117.0,206,NA,NA,NA,NA,NA,NA,NA,NA,NA,37.0
54.0,2500.0,94,25.0,51.0,2256,2.0,210.0,624.0,3124.0,34.0,36.0,29.0
55.0,3495.0,79,25.0,45.0,1215,2.0,200.0,595.0,4090.0,45.0,34.0,41.0
56.0,2800.0,1,22.0,38.0,60,2.0,173.0,515.0,3315.0,36.0,29.0,33.0
57.0,3500.0,15,21.0,40.0,826,2.0,172.0,510.0,4010.0,44.0,29.0,41.0
58.0,2800.0,127,22.0,43.0,1975,2.0,182.0,540.0,3340.0,36.0,31.0,33.0
59.0,2600.0,222,23.0,45.0,2722,2.0,190.0,565.0,3165.0,35.0,32.0,31.0
60.0,3e3,71,22.0,43.0,1328,2.0,182.0,540.0,3540.0,39.0,31.0,35.0
61.0,2600.0,144,20.0,40.0,1537,2.0,167.0,496.0,3096.0,34.0,28.0,31.0
62.0,3250.0,202,21.0,38.0,2663,2.0,168.0,501.0,3751.0,41.0,29.0,38.0
63.0,2295.0,85,21.0,41.0,1806,2.0,173.0,515.0,2810.0,31.0,29.0,27.0
64.0,2325.0,120,18.0,36.0,2211,2.0,150.0,446.0,2771.0,30.0,25.0,27.0
65.0,3e3,68,18.0,36.0,1946,2.0,150.0,446.0,3446.0,38.0,25.0,35.0
66.0,3150.0,73,17.0,31.0,1378,2.0,137.0,406.0,3556.0,39.0,23.0,37.0
67.0,2900.0,154,16.0,33.0,1789,2.0,135.0,401.0,3301.0,36.0,23.0,34.0
68.0,3675.0,59,16.0,31.0,1027,2.0,132.0,391.0,4066.0,44.0,22.0,43.0
69.0,3295.0,172,15.0,26.0,2547,2.0,118.0,352.0,3647.0,40.0,20.0,39.0
70.0,3495.0,289,15.0,30.0,2223,2.0,125.0,372.0,3867.0,42.0,21.0,41.0
71.0,4300.0,148,16.0,31.0,1486,2.0,132.0,391.0,4691.0,51.0,22.0,51.0
72.0,3097.5,92,12.0,26.0,788,2.0,103.0,307.0,3404.5,37.0,18.0,36.0
73.0,2850.0,170,12.0,24.0,1370,2.0,100.0,297.0,3147.0,34.0,17.0,34.0
74.0,3495.0,410,11.0,22.0,874,2.0,92.0,273.0,3768.0,41.0,16.0,41.0
75.0,3697.5,330,12.0,19.0,753,2.0,92.0,273.0,3970.5,43.0,16.0,44.0
76.0,2950.0,79,12.0,20.0,734,2.0,93.0,278.0,3228.0,35.0,16.0,35.0
77.0,2872.5,74,12.0,22.0,1448,2.0,97.0,287.0,3159.5,34.0,16.0,34.0
78.0,2800.0,65,12.0,23.0,1579,2.0,98.0,292.0,3092.0,34.0,17.0,33.0
79.0,2750.0,156,14.0,25.0,1088,2.0,112.0,332.0,3082.0,34.0,19.0,32.0
80.0,5500.0,114,15.0,29.0,1682,2.0,123.0,367.0,5867.0,64.0,21.0,65.0
81.0,3725.0,320,18.0,30.0,2788,2.0,140.0,416.0,4141.0,45.0,24.0,44.0
82.0,4495.0,75,16.0,24.0,1173,2.0,120.0,357.0,4852.0,53.0,20.0,53.0
83.0,3490.0,71,19.0,31.0,1286,2.0,147.0,436.0,3926.0,43.0,25.0,41.0
84.0,3395.0,92,17.0,30.0,1849,2.0,135.0,401.0,3796.0,41.0,23.0,40.0
85.0,4795.0,160,15.0,27.0,1316,2.0,120.0,357.0,5152.0,56.0,20.0,56.0
86.0,3295.0,183,13.0,24.0,2488,2.0,105.0,312.0,3607.0,39.0,18.0,39.0
87.0,3895.0,123,16.0,30.0,1820,2.0,130.0,387.0,4282.0,47.0,22.0,46.0
88.0,3250.0,351,17.0,33.0,2089,2.0,140.0,416.0,3666.0,40.0,24.0,38.0
89.0,3500.0,230,19.0,30.0,3008,2.0,145.0,431.0,3931.0,43.0,25.0,41.0
90.0,2649.5,108,21.0,35.0,1612,3.0,163.0,486.0,3135.5,34.0,28.0,31.0
91.0,2745.0,192,21.0,53.0,1783,3.0,193.0,575.0,3320.0,36.0,33.0,32.0
92.0,3800.0,33,20.0,40.0,574,3.0,167.0,496.0,4296.0,47.0,28.0,45.0
93.0,3995.0,349,22.0,34.0,2626,3.0,167.0,496.0,4491.0,49.0,28.0,47.0
94.0,4425.0,68,19.0,26.0,940,3.0,138.0,411.0,4836.0,53.0,23.0,52.0
95.0,3550.0,123,19.0,27.0,1023,3.0,140.0,416.0,3966.0,43.0,24.0,42.0
96.0,4950.0,62,18.0,28.0,958,3.0,137.0,406.0,5356.0,58.0,23.0,58.0
97.0,4e3,79,17.0,27.0,1106,3.0,130.0,387.0,4387.0,48.0,22.0,47.0
98.0,3700.0,95,19.0,28.0,1350,3.0,142.0,421.0,4121.0,45.0,24.0,44.0
99.0,2950.0,84,17.0,21.0,1737,3.0,120.0,357.0,3307.0,36.0,20.0,35.0
100.0,2780.0,60,16.0,16.0,1959,3.0,107.0,317.0,3097.0,34.0,18.0,33.0
101.0,3480.0,95,16.0,23.0,3157,3.0,118.0,352.0,3832.0,42.0,20.0,41.0
102.0,3795.0,173,20.0,28.0,2140,3.0,147.0,436.0,4231.0,46.0,25.0,45.0
103.0,3600.0,214,20.0,30.0,1861,3.0,150.0,446.0,4046.0,44.0,25.0,42.0
104.0,3200.0,21,18.0,24.0,1282,3.0,130.0,387.0,3587.0,39.0,22.0,38.0
105.0,3350.0,172,16.0,28.0,2431,3.0,127.0,377.0,3727.0,41.0,21.0,39.0
106.0,3407.0,209,16.0,22.0,2278,3.0,117.0,347.0,3754.0,41.0,20.0,40.0
107.0,2700.0,43,18.0,25.0,866,3.0,132.0,391.0,3091.0,34.0,22.0,32.0
108.0,3195.0,11,15.0,29.0,147,3.0,123.0,367.0,3562.0,39.0,21.0,38.0
109.0,3550.0,530,17.0,29.0,1232,3.0,133.0,396.0,3946.0,43.0,23.0,42.0
110.0,3795.0,363,19.0,25.0,217,3.0,137.0,406.0,4201.0,46.0,23.0,45.0
111.0,4195.0,335,18.0,35.0,620,3.0,148.0,441.0,4636.0,51.0,25.0,49.0
112.0,3850.0,191,17.0,33.0,802,3.0,140.0,416.0,4266.0,47.0,24.0,45.0
113.0,3650.0,134,18.0,36.0,2066,3.0,150.0,446.0,4096.0,45.0,25.0,43.0
114.0,4500.0,122,19.0,36.0,1170,3.0,155.0,461.0,4961.0,54.0,26.0,53.0
115.0,4650.0,44,15.0,27.0,535,3.0,120.0,357.0,5007.0,55.0,20.0,55.0
116.0,3400.0,37,17.0,30.0,2169,3.0,135.0,401.0,3801.0,41.0,23.0,40.0
117.0,3100.0,41,15.0,24.0,1988,3.0,115.0,342.0,3442.0,38.0,19.0,36.0
118.0,3400.0,153,16.0,21.0,2137,3.0,115.0,342.0,3742.0,41.0,19.0,40.0
119.0,4400.0,13,15.0,23.0,942,3.0,113.0,337.0,4737.0,52.0,19.0,52.0
120.0,3700.0,62,16.0,30.0,1361,3.0,130.0,387.0,4087.0,45.0,22.0,44.0
121.0,1900.0,43,19.0,37.0,1169,3.0,157.0,466.0,2366.0,26.0,27.0,22.0
122.0,3550.0,75,19.0,35.0,2123,3.0,153.0,456.0,4006.0,44.0,26.0,42.0
123.0,3547.5,38,18.0,28.0,1534,3.0,137.0,406.0,3953.5,43.0,23.0,42.0
124.0,3335.0,64,16.0,30.0,1281,3.0,130.0,387.0,3722.0,41.0,22.0,39.0
125.0,3600.0,43,17.0,31.0,1150,3.0,137.0,406.0,4006.0,44.0,23.0,42.0
126.0,3600.0,87,16.0,28.0,1505,3.0,127.0,377.0,3977.0,43.0,21.0,42.0
127.0,3795.0,69,18.0,32.0,1526,3.0,143.0,426.0,4221.0,46.0,24.0,45.0
128.0,3600.0,127,18.0,31.0,2008,3.0,142.0,421.0,4021.0,44.0,24.0,42.0
129.0,3495.0,219,20.0,35.0,1404,3.0,158.0,471.0,3966.0,43.0,27.0,41.0
130.0,3500.0,37,18.0,32.0,1423,3.0,143.0,426.0,3926.0,43.0,24.0,41.0
131.0,3987.5,100,20.0,39.0,2336,3.0,165.0,491.0,4478.5,49.0,28.0,47.0
132.0,3875.0,16,19.0,39.0,1417,3.0,160.0,476.0,4351.0,47.0,27.0,46.0
133.0,3100.0,265,17.0,31.0,2380,3.0,137.0,406.0,3506.0,38.0,23.0,36.0
134.0,3500.0,37,16.0,31.0,2885,3.0,132.0,391.0,3891.0,42.0,22.0,41.0
135.0,3200.0,12,18.0,35.0,2020,3.0,148.0,441.0,3641.0,40.0,25.0,38.0
136.0,2200.0,9,17.0,31.0,1014,3.0,137.0,406.0,2606.0,28.0,23.0,26.0
137.0,3e3,27,17.0,32.0,2083,3.0,138.0,411.0,3411.0,37.0,23.0,35.0
138.0,2850.0,30,19.0,39.0,3387,3.0,160.0,476.0,3326.0,36.0,27.0,34.0
139.0,3200.0,26,19.0,37.0,1810,3.0,157.0,466.0,3666.0,40.0,27.0,38.0
140.0,2880.0,37,20.0,46.0,1602,3.0,177.0,525.0,3405.0,37.0,30.0,34.0
141.0,2950.0,17,18.0,38.0,852,3.0,153.0,456.0,3406.0,37.0,26.0,35.0
142.0,3650.0,35,11.0,18.0,53,3.0,85.0,253.0,3903.0,43.0,14.0,43.0
143.0,2500.0,16,19.0,40.0,525,3.0,162.0,481.0,2981.0,33.0,27.0,29.0
144.0,3300.0,19,20.0,44.0,1436,3.0,173.0,515.0,3815.0,42.0,29.0,39.0
145.0,2175.0,15,21.0,52.0,1461,3.0,192.0,570.0,2745.0,30.0,32.0,26.0
146.0,1150.0,1,26.0,49.0,260,3.0,212.0,629.0,1779.0,19.0,36.0,14.0
147.0,3e3,78,21.0,46.0,1504,3.0,182.0,540.0,3540.0,39.0,31.0,35.0
148.0,2200.0,27,19.0,50.0,1380,3.0,178.0,530.0,2730.0,30.0,30.0,26.0
149.0,3700.0,85,19.0,60.0,1684,3.0,195.0,580.0,4280.0,47.0,33.0,44.0
150.0,3e3,16,17.0,39.0,1137,3.0,150.0,446.0,3446.0,38.0,25.0,35.0
151.0,3350.0,5,20.0,40.0,658,3.0,167.0,496.0,3846.0,42.0,28.0,39.0
152.0,2100.0,22,20.0,45.0,1486,3.0,175.0,520.0,2620.0,29.0,30.0,25.0
153.0,2495.0,27,22.0,55.0,1692,3.0,202.0,600.0,3095.0,34.0,34.0,29.0
154.0,2150.0,32,21.0,46.0,2345,3.0,182.0,540.0,2690.0,29.0,31.0,25.0
155.0,2995.0,23,21.0,42.0,1321,3.0,175.0,520.0,3515.0,38.0,30.0,35.0
156.0,1850.0,17,24.0,37.0,910,3.0,182.0,540.0,2390.0,26.0,31.0,22.0
157.0,1375.0,2,22.0,30.0,884,3.0,160.0,476.0,1851.0,20.0,27.0,16.0
158.0,3e3,61,21.0,41.0,207,3.0,173.0,515.0,3515.0,38.0,29.0,35.0
159.0,2525.0,33,23.0,39.0,1649,3.0,180.0,535.0,3060.0,33.0,31.0,30.0
160.0,1487.5,24,20.0,40.0,1849,3.0,167.0,496.0,1983.5,22.0,28.0,18.0
161.0,2800.0,17,18.0,35.0,1428,3.0,148.0,441.0,3241.0,35.0,25.0,33.0
162.0,2500.0,29,19.0,35.0,1715,3.0,153.0,456.0,2956.0,32.0,26.0,29.0
163.0,3150.0,39,21.0,42.0,1506,3.0,175.0,520.0,3670.0,40.0,30.0,37.0
164.0,2800.0,76,19.0,45.0,2754,3.0,170.0,505.0,3305.0,36.0,29.0,33.0
165.0,2600.0,149,17.0,33.0,2284,3.0,140.0,416.0,3016.0,33.0,24.0,31.0
166.0,2225.0,82,19.0,34.0,3242,3.0,152.0,451.0,2676.0,29.0,26.0,26.0
167.0,2500.0,85,19.0,39.0,2220,3.0,160.0,476.0,2976.0,32.0,27.0,29.0
168.0,2500.0,153,18.0,43.0,3512,4.0,162.0,481.0,2981.0,33.0,27.0,29.0
169.0,3450.0,202,20.0,37.0,2514,4.0,162.0,481.0,3931.0,43.0,27.0,41.0
170.0,2950.0,75,19.0,28.0,1892,4.0,142.0,421.0,3371.0,37.0,24.0,35.0
171.0,5e3,18,19.0,30.0,782,4.0,145.0,431.0,5431.0,59.0,25.0,59.0
172.0,3300.0,59,19.0,33.0,1753,4.0,150.0,446.0,3746.0,41.0,25.0,39.0
173.0,2850.0,50,18.0,37.0,1106,4.0,152.0,451.0,3301.0,36.0,26.0,34.0
174.0,3875.0,128,20.0,35.0,2121,4.0,158.0,471.0,4346.0,47.0,27.0,46.0
175.0,2747.5,82,20.0,36.0,1704,4.0,160.0,476.0,3223.5,35.0,27.0,32.0
176.0,2950.0,56,19.0,39.0,1332,4.0,160.0,476.0,3426.0,37.0,27.0,35.0
177.0,2700.0,383,21.0,44.0,3179,4.0,178.0,530.0,3230.0,35.0,30.0,32.0
178.0,2200.0,70,22.0,45.0,2383,4.0,185.0,550.0,2750.0,30.0,31.0,26.0
179.0,2400.0,49,22.0,51.0,2857,4.0,195.0,580.0,2980.0,33.0,33.0,28.0
180.0,2500.0,57,22.0,45.0,1597,4.0,185.0,550.0,3050.0,33.0,31.0,29.0
181.0,2695.0,42,23.0,49.0,1881,4.0,197.0,585.0,3280.0,36.0,33.0,32.0
182.0,2100.0,70,22.0,41.0,2324,4.0,178.0,530.0,2630.0,29.0,30.0,25.0
183.0,2550.0,76,21.0,37.0,2372,4.0,167.0,496.0,3046.0,33.0,28.0,30.0
184.0,2200.0,176,20.0,38.0,2969,4.0,163.0,486.0,2686.0,29.0,28.0,26.0
185.0,2895.0,135,19.0,37.0,2714,4.0,157.0,466.0,3361.0,37.0,27.0,34.0
186.0,2995.0,90,18.0,33.0,2624,4.0,145.0,431.0,3426.0,37.0,25.0,35.0
187.0,4522.5,54,18.0,32.0,1272,4.0,143.0,426.0,4948.5,54.0,24.0,53.0
188.0,2699.5,208,16.0,29.0,1108,4.0,128.0,382.0,3081.5,34.0,22.0,32.0
189.0,2318.0,84,18.0,37.0,2713,4.0,152.0,451.0,2769.0,30.0,26.0,27.0
190.0,2044.0,90,23.0,45.0,578,4.0,190.0,565.0,2609.0,28.0,32.0,24.0
191.0,1995.0,52,19.0,49.0,1195,5.0,177.0,525.0,2520.0,27.0,30.0,23.0
192.0,1797.5,26,18.0,46.0,2510,5.0,167.0,496.0,2293.5,25.0,28.0,21.0
193.0,2087.5,48,18.0,53.0,2367,5.0,178.0,530.0,2617.5,29.0,30.0,25.0
194.0,1995.0,155,19.0,50.0,2408,5.0,178.0,530.0,2525.0,28.0,30.0,23.0
195.0,1550.0,35,21.0,56.0,2090,5.0,198.0,590.0,2140.0,23.0,34.0,18.0
196.0,2600.0,51,20.0,60.0,2887,5.0,200.0,595.0,3195.0,35.0,34.0,31.0
197.0,2490.0,34,20.0,58.0,1961,5.0,197.0,585.0,3075.0,34.0,33.0,29.0
198.0,1942.0,124,19.0,52.0,1871,5.0,182.0,540.0,2482.0,27.0,31.0,23.0
199.0,2372.5,26,20.0,53.0,990,5.0,188.0,560.0,2932.5,32.0,32.0,28.0
200.0,2487.5,26,19.0,39.0,1000,5.0,160.0,476.0,2963.5,32.0,27.0,29.0
201.0,2822.5,190,18.0,38.0,2778,5.0,153.0,456.0,3278.5,36.0,26.0,33.0
202.0,2800.0,55,23.0,49.0,2665,5.0,197.0,585.0,3385.0,37.0,33.0,33.0
203.0,2950.0,73,22.0,44.0,1960,5.0,183.0,545.0,3495.0,38.0,31.0,35.0
204.0,2375.0,134,20.0,39.0,2827,5.0,165.0,491.0,2866.0,31.0,28.0,28.0
205.0,2e3,63,21.0,47.0,2971,5.0,183.0,545.0,2545.0,28.0,31.0,24.0
206.0,3e3,17,26.0,60.0,1562,5.0,230.0,684.0,3684.0,40.0,39.0,35.0
207.0,2800.0,69,24.0,52.0,1768,5.0,207.0,614.0,3414.0,37.0,35.0,33.0
208.0,2400.0,156,24.0,75.0,1779,5.0,245.0,728.0,3128.0,34.0,42.0,28.0
209.0,2875.0,30,21.0,49.0,2718,5.0,187.0,555.0,3430.0,37.0,32.0,34.0
210.0,1987.5,10,21.0,42.0,1568,5.0,175.0,520.0,2507.5,27.0,30.0,23.0
211.0,2495.0,169,16.0,41.0,3112,5.0,148.0,441.0,2936.0,32.0,25.0,29.0
212.0,3400.0,9,17.0,46.0,1260,5.0,162.0,481.0,3881.0,42.0,27.0,40.0
213.0,2014.0,153,19.0,41.0,2322,5.0,163.0,486.0,2500.0,27.0,28.0,24.0
214.0,3200.0,31,14.0,32.0,2231,5.0,123.0,367.0,3567.0,39.0,21.0,38.0
215.0,2191.0,36,18.0,39.0,2551,5.0,155.0,461.0,2652.0,29.0,26.0,26.0
216.0,2900.0,15,18.0,26.0,1129,5.0,133.0,396.0,3296.0,36.0,23.0,34.0
217.0,2500.0,21,17.0,41.0,1530,5.0,153.0,456.0,2956.0,32.0,26.0,29.0
218.0,3e3,43,18.0,53.0,2310,5.0,178.0,530.0,3530.0,38.0,30.0,35.0
219.0,2800.0,38,18.0,51.0,2432,5.0,175.0,520.0,3320.0,36.0,30.0,33.0
220.0,2400.0,64,18.0,58.0,2237,5.0,187.0,555.0,2955.0,32.0,32.0,28.0
221.0,2639.0,45,23.0,59.0,1708,5.0,213.0,634.0,3273.0,36.0,36.0,31.0
222.0,2539.0,197,22.0,61.0,1414,5.0,212.0,629.0,3168.0,35.0,36.0,30.0
223.0,2195.0,246,22.0,76.0,1574,5.0,237.0,704.0,2899.0,32.0,40.0,26.0
224.0,2220.0,79,23.0,81.0,1136,5.0,250.0,743.0,2963.0,32.0,42.0,26.0
225.0,2700.0,8,28.0,87.0,1373,5.0,285.0,847.0,3547.0,39.0,48.0,32.0
226.0,3950.0,17,29.0,101.0,2327,5.0,313.0,932.0,4882.0,53.0,53.0,46.0
227.0,2450.0,10,31.0,125.0,2131,5.0,363.0,1080.0,3530.0,38.0,62.0,29.0
229.0,2193.0,98,19.0,57.0,2165,5.0,190.0,565.0,2758.0,30.0,32.0,26.0
230.0,2900.0,37,16.0,49.0,2947,5.0,162.0,481.0,3381.0,37.0,27.0,34.0
231.0,2700.0,34,17.0,47.0,1703,5.0,163.0,486.0,3186.0,35.0,28.0,32.0
232.0,1525.0,20,19.0,61.0,2019,5.0,197.0,585.0,2110.0,23.0,33.0,18.0
233.0,2500.0,221,18.0,60.0,2676,5.0,190.0,565.0,3065.0,33.0,32.0,29.0
234.0,2095.0,50,17.0,50.0,795,5.0,168.0,501.0,2596.0,28.0,29.0,25.0
235.0,3300.0,6,19.0,52.0,1102,5.0,182.0,540.0,3840.0,42.0,31.0,39.0
236.0,2775.0,44,18.0,59.0,2054,5.0,188.0,560.0,3335.0,36.0,32.0,33.0
237.0,1787.5,20,19.0,55.0,3026,5.0,187.0,555.0,2342.5,26.0,32.0,21.0
238.0,2e3,19,18.0,45.0,1766,5.0,165.0,491.0,2491.0,27.0,28.0,24.0
240.0,2540.0,90,22.0,46.0,1970,5.0,187.0,555.0,3095.0,34.0,32.0,30.0
241.0,2400.0,9,21.0,60.0,1142,5.0,205.0,610.0,3010.0,33.0,35.0,28.0
242.0,4850.0,36,20.0,78.0,789,5.0,230.0,684.0,5534.0,60.0,39.0,57.0
243.0,4750.0,18,18.0,65.0,808,5.0,198.0,590.0,5340.0,58.0,34.0,56.0
244.0,2950.0,71,20.0,63.0,1636,5.0,205.0,610.0,3560.0,39.0,35.0,35.0
245.0,2950.0,43,21.0,82.0,906,5.0,242.0,719.0,3669.0,40.0,41.0,35.0
246.0,2690.0,75,23.0,71.0,2286,5.0,233.0,694.0,3384.0,37.0,40.0,32.0
247.0,2435.0,32,22.0,62.0,1235,5.0,213.0,634.0,3069.0,33.0,36.0,29.0
248.0,2025.0,47,22.0,57.0,1106,5.0,205.0,610.0,2635.0,29.0,35.0,24.0
249.0,2385.0,285,21.0,56.0,2495,6.0,198.0,590.0,2975.0,32.0,34.0,28.0
250.0,3275.0,61,23.0,55.0,1736,6.0,207.0,614.0,3889.0,42.0,35.0,39.0
251.0,2398.0,145,26.0,54.0,1938,6.0,220.0,654.0,3052.0,33.0,37.0,28.0
252.0,2295.0,105,27.0,82.0,1702,6.0,272.0,808.0,3103.0,34.0,46.0,27.0
253.0,2750.0,16,24.0,56.0,897,6.0,213.0,634.0,3384.0,37.0,36.0,32.0
254.0,8190.0,14,21.0,69.0,1826,6.0,220.0,654.0,8844.0,96.0,37.0,96.0
255.0,4999.0,70,17.0,50.0,1110,6.0,168.0,501.0,5500.0,60.0,29.0,59.0
256.0,2825.0,305,20.0,46.0,1427,6.0,177.0,525.0,3350.0,37.0,30.0,33.0
257.0,2350.0,52,18.0,33.0,1347,6.0,145.0,431.0,2781.0,30.0,25.0,28.0
258.0,2395.0,77,20.0,48.0,1782,6.0,180.0,535.0,2930.0,32.0,31.0,28.0
259.0,2399.0,113,19.0,45.0,1780,6.0,170.0,505.0,2904.0,32.0,29.0,28.0
260.0,2495.0,203,16.0,41.0,2932,6.0,148.0,441.0,2936.0,32.0,25.0,29.0
261.0,2207.5,104,17.0,48.0,1591,6.0,165.0,491.0,2698.5,29.0,28.0,26.0
262.0,2822.5,6,18.0,52.0,1428,6.0,177.0,525.0,3347.5,37.0,30.0,33.0
263.0,3100.0,3,18.0,53.0,912,6.0,178.0,530.0,3630.0,40.0,30.0,36.0
264.0,1950.0,11,17.0,58.0,1036,6.0,182.0,540.0,2490.0,27.0,31.0,23.0
265.0,3055.5,116,22.0,71.0,1158,6.0,228.0,679.0,3734.5,41.0,39.0,36.0
266.0,2700.0,461,24.0,78.0,2282,6.0,250.0,743.0,3443.0,38.0,42.0,32.0
267.0,2933.0,191,24.0,79.0,1150,6.0,252.0,748.0,3681.0,40.0,43.0,35.0
268.0,2199.0,76,23.0,69.0,1211,6.0,230.0,684.0,2883.0,31.0,39.0,26.0
269.0,2321.0,160,24.0,76.0,1249,6.0,247.0,733.0,3054.0,33.0,42.0,27.0
270.0,2718.0,175,22.0,72.0,1147,6.0,230.0,684.0,3402.0,37.0,39.0,32.0
271.0,2900.0,157,23.0,83.0,1200,6.0,253.0,753.0,3653.0,40.0,43.0,34.0
272.0,4100.0,6,20.0,73.0,777,6.0,222.0,659.0,4759.0,52.0,38.0,48.0
273.0,3015.0,362,24.0,77.0,1524,6.0,248.0,738.0,3753.0,41.0,42.0,35.0
274.0,2537.5,566,17.0,54.0,2036,6.0,175.0,520.0,3057.5,33.0,30.0,30.0
275.0,1899.0,63,19.0,47.0,1518,6.0,173.0,515.0,2414.0,26.0,29.0,22.0
276.0,2025.0,95,19.0,46.0,875,6.0,172.0,510.0,2535.0,28.0,29.0,24.0
277.0,1950.0,18,18.0,42.0,1640,6.0,160.0,476.0,2426.0,26.0,27.0,23.0
278.0,2855.0,299,14.0,35.0,1187,6.0,128.0,382.0,3237.0,35.0,22.0,34.0
279.0,3400.0,9,17.0,37.0,1305,6.0,147.0,436.0,3836.0,42.0,25.0,40.0
280.0,2795.0,15,16.0,40.0,1498,6.0,147.0,436.0,3231.0,35.0,25.0,33.0
281.0,2371.5,56,18.0,40.0,1470,6.0,157.0,466.0,2837.5,31.0,27.0,28.0
282.0,2175.0,150,17.0,65.0,735,6.0,193.0,575.0,2750.0,30.0,33.0,26.0
283.0,2569.5,4,19.0,49.0,1142,6.0,177.0,525.0,3094.5,34.0,30.0,30.0
284.0,2406.0,269,17.0,38.0,1615,6.0,148.0,441.0,2847.0,31.0,25.0,28.0
285.0,4200.0,10,22.0,54.0,958,6.0,200.0,595.0,4795.0,52.0,34.0,49.0
286.0,2133.0,320,24.0,58.0,2342,6.0,217.0,644.0,2777.0,30.0,37.0,25.0
287.0,2233.0,70,19.0,45.0,754,6.0,170.0,505.0,2738.0,30.0,29.0,26.0
288.0,2336.0,262,25.0,76.0,2381,6.0,252.0,748.0,3084.0,34.0,43.0,27.0
289.0,3975.0,32,25.0,76.0,2120,6.0,252.0,748.0,4723.0,52.0,43.0,47.0
290.0,2275.0,159,20.0,78.0,1039,6.0,230.0,684.0,2959.0,32.0,39.0,27.0
291.0,3500.0,19,20.0,87.0,1030,6.0,245.0,728.0,4228.0,46.0,42.0,41.0
292.0,4300.0,5,21.0,100.0,755,6.0,272.0,808.0,5108.0,56.0,46.0,51.0
293.0,3e3,33,42.0,125.0,2246,6.0,418.0,1244.0,4244.0,46.0,71.0,35.0
294.0,2500.0,27,37.0,104.0,2290,6.0,358.0,1065.0,3565.0,39.0,61.0,29.0
295.0,3600.0,12,36.0,102.0,1448,6.0,350.0,1041.0,4641.0,51.0,59.0,42.0
296.0,3400.0,28,33.0,84.0,2619,6.0,305.0,907.0,4307.0,47.0,52.0,40.0
297.0,2700.0,25,NA,NA,NA,NA,NA,NA,NA,NA,NA,32.0
298.0,4750.0,44,28.0,107.0,2037,7.0,318.0,947.0,5697.0,62.0,54.0,56.0
299.0,3200.0,49,30.0,156.0,989,7.0,410.0,1219.0,4419.0,48.0,69.0,38.0
300.0,1747.5,4,23.0,83.0,761,7.0,253.0,753.0,2500.5,27.0,43.0,21.0
301.0,2800.0,29,21.0,63.0,1972,7.0,210.0,624.0,3424.0,37.0,36.0,33.0
302.0,3200.0,7,25.0,83.0,1743,7.0,263.0,783.0,3983.0,43.0,45.0,38.0
303.0,5500.0,23,22.0,60.0,1513,7.0,210.0,624.0,6124.0,67.0,36.0,65.0
304.0,4211.0,15,26.0,89.0,1797,7.0,278.0,828.0,5039.0,55.0,47.0,50.0
305.0,4450.0,20,21.0,76.0,619,7.0,232.0,689.0,5139.0,56.0,39.0,52.0
306.0,2095.0,43,25.0,75.0,947,7.0,250.0,743.0,2838.0,31.0,42.0,25.0
307.0,4388.0,25,28.0,72.0,1764,7.0,260.0,773.0,5161.0,56.0,44.0,52.0
308.0,3700.0,41,22.0,55.0,1096,7.0,202.0,600.0,4300.0,47.0,34.0,44.0
309.0,2800.0,100,23.0,47.0,2567,7.0,193.0,575.0,3375.0,37.0,33.0,33.0
310.0,4612.5,2,21.0,40.0,775,7.0,172.0,510.0,5122.5,56.0,29.0,54.0
311.0,2995.0,205,25.0,76.0,1537,7.0,252.0,748.0,3743.0,41.0,43.0,35.0
312.0,2870.0,131,26.0,81.0,2552,7.0,265.0,788.0,3658.0,40.0,45.0,34.0
313.0,3630.0,132,20.0,57.0,717,7.0,195.0,580.0,4210.0,46.0,33.0,43.0
314.0,1895.0,95,16.0,48.0,2344,7.0,160.0,476.0,2371.0,26.0,27.0,22.0
315.0,3100.0,283,16.0,33.0,769,7.0,135.0,401.0,3501.0,38.0,23.0,36.0
316.0,2311.0,11,19.0,36.0,953,7.0,155.0,461.0,2772.0,30.0,26.0,27.0
317.0,2195.0,179,19.0,41.0,1603,7.0,163.0,486.0,2681.0,29.0,28.0,26.0
318.0,2600.0,21,21.0,41.0,1076,7.0,173.0,515.0,3115.0,34.0,29.0,31.0
319.0,1995.0,7,22.0,53.0,912,7.0,198.0,590.0,2585.0,28.0,34.0,23.0
320.0,2200.0,108,18.0,53.0,2068,7.0,178.0,530.0,2730.0,30.0,30.0,26.0
321.0,1367.5,2,20.0,52.0,875,7.0,187.0,555.0,1922.5,21.0,32.0,16.0
322.0,3250.0,80,20.0,53.0,1615,7.0,188.0,560.0,3810.0,42.0,32.0,38.0
323.0,2198.0,266,15.0,36.0,1997,7.0,135.0,401.0,2599.0,28.0,23.0,26.0
324.0,1950.0,95,14.0,35.0,1614,7.0,128.0,382.0,2332.0,25.0,22.0,23.0
325.0,2150.0,62,18.0,38.0,2622,7.0,153.0,456.0,2606.0,28.0,26.0,25.0
326.0,2775.0,137,13.0,27.0,1177,7.0,110.0,327.0,3102.0,34.0,19.0,33.0
327.0,1600.0,16,17.0,38.0,2174,7.0,148.0,441.0,2041.0,22.0,25.0,19.0
328.0,2800.0,21,19.0,49.0,1670,7.0,177.0,525.0,3325.0,36.0,30.0,33.0
329.0,2725.0,43,18.0,50.0,2485,7.0,173.0,515.0,3240.0,35.0,29.0,32.0
330.0,2077.5,64,18.0,62.0,2143,7.0,193.0,575.0,2652.5,29.0,33.0,24.0
331.0,3e3,21,21.0,74.0,2276,7.0,228.0,679.0,3679.0,40.0,39.0,35.0
332.0,2550.0,5,23.0,81.0,1704,7.0,250.0,743.0,3293.0,36.0,42.0,30.0
333.0,3300.0,76,20.0,72.0,3643,7.0,220.0,654.0,3954.0,43.0,37.0,39.0
334.0,2600.0,16,20.0,69.0,2653,7.0,215.0,639.0,3239.0,35.0,36.0,31.0
335.0,2500.0,39,17.0,56.0,2885,7.0,178.0,530.0,3030.0,33.0,30.0,29.0
336.0,2225.0,93,21.0,62.0,1543,7.0,208.0,619.0,2844.0,31.0,35.0,26.0
337.0,2500.0,59,19.0,62.0,420,7.0,198.0,590.0,3090.0,34.0,34.0,29.0
338.0,4500.0,13,17.0,62.0,812,7.0,188.0,560.0,5060.0,55.0,32.0,53.0
339.0,6500.0,36,19.0,48.0,788,7.0,175.0,520.0,7020.0,77.0,30.0,76.0
340.0,2650.0,110,25.0,38.0,1562,7.0,188.0,560.0,3210.0,35.0,32.0,31.0
341.0,2975.0,212,24.0,44.0,1501,7.0,193.0,575.0,3550.0,39.0,33.0,35.0
342.0,5200.0,22,20.0,66.0,1441,7.0,210.0,624.0,5824.0,64.0,36.0,61.0
343.0,3825.0,4,21.0,52.0,537,7.0,192.0,570.0,4395.0,48.0,32.0,45.0
344.0,5790.0,69,22.0,67.0,1203,7.0,222.0,659.0,6449.0,70.0,38.0,68.0
345.0,4300.0,92,23.0,87.0,1474,7.0,260.0,773.0,5073.0,55.0,44.0,51.0
346.0,3840.0,189,24.0,96.0,912,7.0,280.0,833.0,4673.0,51.0,47.0,45.0
347.0,3975.0,31,NA,NA,NA,NA,NA,NA,NA,NA,NA,47.0
349.0,4300.0,22,16.0,34.0,220,8.0,137.0,406.0,4706.0,51.0,23.0,51.0
350.0,3050.0,3,22.0,46.0,863,8.0,187.0,555.0,3605.0,39.0,32.0,36.0
351.0,3295.0,131,21.0,44.0,1661,8.0,178.0,530.0,3825.0,42.0,30.0,39.0
353.0,2295.0,7,17.0,39.0,1333,8.0,150.0,446.0,2741.0,30.0,25.0,27.0
355.0,4850.0,40,22.0,62.0,2703,8.0,213.0,634.0,5484.0,60.0,36.0,57.0
356.0,3807.0,440,20.0,40.0,2957,8.0,167.0,496.0,4303.0,47.0,28.0,45.0
357.0,2795.0,188,22.0,60.0,1668,8.0,210.0,624.0,3419.0,37.0,36.0,33.0
358.0,5975.0,89,17.0,52.0,1818,8.0,172.0,510.0,6485.0,71.0,29.0,70.0
359.0,3695.0,69,20.0,50.0,1270,8.0,183.0,545.0,4240.0,46.0,31.0,43.0
360.0,3195.0,256,18.0,47.0,1800,8.0,168.0,501.0,3696.0,40.0,29.0,38.0
361.0,2990.0,190,20.0,69.0,2244,8.0,215.0,639.0,3629.0,40.0,36.0,35.0
362.0,5300.0,88,18.0,51.0,1690,8.0,175.0,520.0,5820.0,63.0,30.0,62.0
363.0,2450.0,47,16.0,51.0,855,8.0,165.0,491.0,2941.0,32.0,28.0,29.0
364.0,5e3,18,13.0,36.0,585,8.0,125.0,372.0,5372.0,59.0,21.0,59.0
365.0,2795.0,320,15.0,37.0,1413,8.0,137.0,406.0,3201.0,35.0,23.0,33.0
366.0,2475.0,224,18.0,48.0,1944,8.0,170.0,505.0,2980.0,33.0,29.0,29.0
367.0,2755.0,146,20.0,45.0,2067,8.0,175.0,520.0,3275.0,36.0,30.0,32.0
368.0,4850.0,67,23.0,84.0,1208,8.0,255.0,758.0,5608.0,61.0,43.0,57.0
369.0,4950.0,37,20.0,49.0,1328,8.0,182.0,540.0,5490.0,60.0,31.0,58.0
370.0,4485.0,43,19.0,56.0,1253,8.0,188.0,560.0,5045.0,55.0,32.0,53.0
371.0,4495.0,19,19.0,53.0,978,8.0,183.0,545.0,5040.0,55.0,31.0,53.0
372.0,2489.0,333,19.0,45.0,2414,8.0,170.0,505.0,2994.0,33.0,29.0,29.0
373.0,2352.0,107,15.0,42.0,1019,8.0,145.0,431.0,2783.0,30.0,25.0,28.0
374.0,3640.0,110,13.0,47.0,1047,8.0,143.0,426.0,4066.0,44.0,24.0,43.0
375.0,2342.0,131,15.0,45.0,1274,8.0,150.0,446.0,2788.0,30.0,25.0,28.0
376.0,2795.0,222,19.0,52.0,1639,8.0,182.0,540.0,3335.0,36.0,31.0,33.0
377.0,2400.0,266,20.0,60.0,1768,8.0,200.0,595.0,2995.0,33.0,34.0,28.0
378.0,3007.0,337,19.0,40.0,1050,8.0,162.0,481.0,3488.0,38.0,27.0,35.0
379.0,2300.0,202,17.0,47.0,2302,8.0,163.0,486.0,2786.0,30.0,28.0,27.0
380.0,2241.0,259,17.0,45.0,1944,8.0,160.0,476.0,2717.0,30.0,27.0,26.0
381.0,2395.0,377,19.0,47.0,1937,8.0,173.0,515.0,2910.0,32.0,29.0,28.0
382.0,4e3,75,19.0,63.0,973,8.0,200.0,595.0,4595.0,50.0,34.0,47.0
383.0,4e3,5,19.0,60.0,550,8.0,195.0,580.0,4580.0,50.0,33.0,47.0
384.0,5650.0,22,NA,NA,NA,NA,NA,NA,NA,NA,NA,66.0
385.0,7500.0,10,21.0,91.0,926,8.0,257.0,763.0,8263.0,90.0,44.0,88.0
386.0,5525.0,6,24.0,85.0,933,8.0,262.0,778.0,6303.0,69.0,44.0,65.0
387.0,3243.5,24,21.0,82.0,1431,8.0,242.0,719.0,3962.5,43.0,41.0,38.0
388.0,3395.0,85,21.0,86.0,1768,8.0,248.0,738.0,4133.0,45.0,42.0,40.0
389.0,2330.0,43,21.0,67.0,1488,8.0,217.0,644.0,2974.0,32.0,37.0,27.0
390.0,1515.0,108,19.0,54.0,1215,8.0,185.0,550.0,2065.0,23.0,31.0,18.0
391.0,2550.0,367,20.0,64.0,2261,9.0,207.0,614.0,3164.0,35.0,35.0,30.0
392.0,2295.0,198,20.0,77.0,2091,9.0,228.0,679.0,2974.0,32.0,39.0,27.0
393.0,2299.5,60,18.0,66.0,1643,9.0,200.0,595.0,2894.5,32.0,34.0,27.0
394.0,2650.0,49,17.0,53.0,1294,9.0,173.0,515.0,3165.0,35.0,29.0,31.0
395.0,2415.0,490,19.0,61.0,1877,9.0,197.0,585.0,3e3,33.0,33.0,28.0
396.0,3500.0,1,NA,NA,NA,NA,NA,NA,NA,NA,NA,41.0
397.0,4500.0,19,16.0,59.0,606,9.0,178.0,530.0,5030.0,55.0,30.0,53.0
398.0,2968.0,92,19.0,71.0,1108,9.0,213.0,634.0,3602.0,39.0,36.0,35.0
400.0,1945.0,141,20.0,66.0,1600,9.0,210.0,624.0,2569.0,28.0,36.0,23.0
401.0,3250.0,5,18.0,75.0,508,9.0,215.0,639.0,3889.0,42.0,36.0,38.0
402.0,2792.0,1,14.0,51.0,79,9.0,155.0,461.0,3253.0,35.0,26.0,33.0
403.0,2805.0,8,NA,NA,NA,NA,NA,NA,NA,NA,NA,33.0
404.0,2800.0,19,24.0,72.0,864,9.0,240.0,714.0,3514.0,38.0,41.0,33.0
405.0,2450.0,1,NA,NA,NA,NA,NA,NA,NA,NA,NA,29.0
406.0,2773.5,142,NA,NA,NA,NA,NA,NA,NA,NA,NA,33.0
407.0,2678.0,10,NA,NA,NA,NA,NA,NA,NA,NA,NA,32.0
410.0,2450.0,515,19.0,69.0,2259,9.0,210.0,624.0,3074.0,34.0,36.0,29.0
412.0,2740.0,1540,19.0,57.0,6398,9.0,190.0,565.0,3305.0,36.0,32.0,32.0
413.0,2595.0,363,16.0,58.0,2245,9.0,177.0,525.0,3120.0,34.0,30.0,31.0
414.0,2400.0,15,19.0,61.0,1304,9.0,197.0,585.0,2985.0,33.0,33.0,28.0
415.0,2710.0,155,19.0,68.0,1061,9.0,208.0,619.0,3329.0,36.0,35.0,32.0
416.0,2612.0,289,19.0,69.0,2751,9.0,210.0,624.0,3236.0,35.0,36.0,31.0
418.0,2995.0,3,17.0,52.0,456,9.0,172.0,510.0,3505.0,38.0,29.0,35.0
419.0,3100.0,43,18.0,43.0,1425,9.0,162.0,481.0,3581.0,39.0,27.0,36.0
420.0,3093.5,174,20.0,52.0,1065,9.0,187.0,555.0,3648.5,40.0,32.0,36.0
421.0,2910.0,333,22.0,58.0,1858,9.0,207.0,614.0,3524.0,38.0,35.0,34.0
422.0,2838.0,127,22.0,62.0,1945,9.0,213.0,634.0,3472.0,38.0,36.0,33.0
423.0,1995.0,46,16.0,48.0,2213,9.0,160.0,476.0,2471.0,27.0,27.0,23.0
424.0,2589.0,215,16.0,52.0,2943,9.0,167.0,496.0,3085.0,34.0,28.0,30.0
425.0,1695.0,96,17.0,47.0,1483,9.0,163.0,486.0,2181.0,24.0,28.0,20.0
426.0,2580.0,433,17.0,47.0,1724,9.0,163.0,486.0,3066.0,33.0,28.0,30.0
427.0,3090.0,133,9.0,23.0,94,9.0,83.0,248.0,3338.0,36.0,14.0,36.0
428.0,2332.5,142,12.0,38.0,434,9.0,123.0,367.0,2699.5,29.0,21.0,27.0
432.0,1150.0,5,15.0,58.0,116,9.0,172.0,510.0,1660.0,18.0,29.0,14.0
433.0,2050.0,330,17.0,57.0,1994,9.0,180.0,535.0,2585.0,28.0,31.0,24.0
434.0,1650.0,1,13.0,82.0,23,9.0,202.0,600.0,2250.0,25.0,34.0,19.0
435.0,2400.0,223,15.0,58.0,1546,9.0,172.0,510.0,2910.0,32.0,29.0,28.0
436.0,2700.0,43,15.0,59.0,1327,9.0,173.0,515.0,3215.0,35.0,29.0,32.0
437.0,1950.0,255,15.0,56.0,2388,9.0,168.0,501.0,2451.0,27.0,29.0,23.0
438.0,2575.0,12,14.0,49.0,1507,9.0,152.0,451.0,3026.0,33.0,26.0,30.0
439.0,2095.0,9,16.0,53.0,1186,9.0,168.0,501.0,2596.0,28.0,29.0,25.0
440.0,2400.0,213,16.0,53.0,2692,9.0,168.0,501.0,2901.0,32.0,29.0,28.0
441.0,2397.5,652,15.0,57.0,2522,9.0,170.0,505.0,2902.5,32.0,29.0,28.0
442.0,3600.0,10,16.0,49.0,1302,9.0,162.0,481.0,4081.0,45.0,27.0,42.0
443.0,1550.0,49,15.0,44.0,1642,9.0,148.0,441.0,1991.0,22.0,25.0,18.0
444.0,1750.0,78,14.0,60.0,2083,9.0,170.0,505.0,2255.0,25.0,29.0,21.0
445.0,2482.0,654,14.0,61.0,3102,9.0,172.0,510.0,2992.0,33.0,29.0,29.0
446.0,2490.0,516,13.0,48.0,3032,9.0,145.0,431.0,2921.0,32.0,25.0,29.0
447.0,1974.0,211,18.0,62.0,1668,9.0,193.0,575.0,2549.0,28.0,33.0,23.0
448.0,2015.0,204,16.0,61.0,2862,9.0,182.0,540.0,2555.0,28.0,31.0,24.0
449.0,1943.0,226,19.0,63.0,2300,9.0,200.0,595.0,2538.0,28.0,34.0,23.0
450.0,3236.0,255,17.0,48.0,1427,9.0,165.0,491.0,3727.0,41.0,28.0,38.0
451.0,2930.0,170,20.0,58.0,2056,9.0,197.0,585.0,3515.0,38.0,33.0,34.0
452.0,4500.0,29,21.0,63.0,851,9.0,210.0,624.0,5124.0,56.0,36.0,53.0
453.0,2101.5,400,19.0,72.0,2409,9.0,215.0,639.0,2740.5,30.0,36.0,25.0
454.0,2334.0,78,20.0,97.0,1490,9.0,262.0,778.0,3112.0,34.0,44.0,27.0
455.0,1785.0,38,23.0,64.0,847,9.0,222.0,659.0,2444.0,27.0,38.0,21.0
456.0,2495.0,364,19.0,70.0,2884,9.0,212.0,629.0,3124.0,34.0,36.0,29.0
457.0,2972.5,78,19.0,65.0,1805,9.0,203.0,605.0,3577.5,39.0,34.0,35.0
458.0,3400.0,16,18.0,56.0,1603,9.0,183.0,545.0,3945.0,43.0,31.0,40.0
459.0,2444.0,123,15.0,65.0,2838,9.0,183.0,545.0,2989.0,33.0,31.0,29.0
460.0,3060.0,241,17.0,74.0,1075,10.0,208.0,619.0,3679.0,40.0,35.0,36.0
461.0,2160.0,285,16.0,57.0,1718,10.0,175.0,520.0,2680.0,29.0,30.0,25.0
462.0,3500.0,30,15.0,55.0,1647,10.0,167.0,496.0,3996.0,44.0,28.0,41.0
463.0,2545.0,231,16.0,51.0,1410,10.0,165.0,491.0,3036.0,33.0,28.0,30.0
464.0,2327.0,132,17.0,61.0,1609,10.0,187.0,555.0,2882.0,31.0,32.0,27.0
465.0,2200.0,189,17.0,58.0,2432,10.0,182.0,540.0,2740.0,30.0,31.0,26.0
466.0,2080.0,168,16.0,65.0,1445,10.0,188.0,560.0,2640.0,29.0,32.0,24.0
467.0,2500.0,277,14.0,61.0,1615,10.0,172.0,510.0,3010.0,33.0,29.0,29.0
468.0,1865.0,37,16.0,62.0,2026,10.0,183.0,545.0,2410.0,26.0,31.0,22.0
469.0,1825.0,70,15.0,57.0,3077,10.0,170.0,505.0,2330.0,25.0,29.0,21.0
470.0,2134.0,298,16.0,55.0,2473,10.0,172.0,510.0,2644.0,29.0,29.0,25.0
471.0,2090.0,278,17.0,52.0,2384,10.0,172.0,510.0,2600.0,28.0,29.0,25.0
472.0,2117.5,188,14.0,50.0,2146,10.0,153.0,456.0,2573.5,28.0,26.0,25.0
473.0,1800.0,93,13.0,49.0,2836,10.0,147.0,436.0,2236.0,24.0,25.0,21.0
474.0,2495.0,34,14.0,56.0,1646,10.0,163.0,486.0,2981.0,33.0,28.0,29.0
475.0,1850.0,69,15.0,49.0,1818,10.0,157.0,466.0,2316.0,25.0,27.0,22.0
476.0,3100.0,52,12.0,45.0,2454,10.0,135.0,401.0,3501.0,38.0,23.0,36.0
477.0,1950.0,81,13.0,50.0,2058,10.0,148.0,441.0,2391.0,26.0,25.0,23.0
478.0,2145.0,223,15.0,51.0,2406,10.0,160.0,476.0,2621.0,29.0,27.0,25.0
479.0,2825.0,294,14.0,65.0,3423,10.0,178.0,530.0,3355.0,37.0,30.0,33.0
480.0,2150.0,220,16.0,60.0,1208,10.0,180.0,535.0,2685.0,29.0,31.0,25.0
481.0,3700.0,23,14.0,61.0,1623,10.0,172.0,510.0,4210.0,46.0,29.0,44.0
482.0,3572.5,30,16.0,55.0,1584,10.0,172.0,510.0,4082.5,45.0,29.0,42.0
483.0,2695.0,346,15.0,64.0,2712,10.0,182.0,540.0,3235.0,35.0,31.0,32.0
484.0,3340.0,421,NA,NA,NA,NA,NA,NA,NA,NA,NA,39.0
485.0,3378.0,518,17.0,73.0,2452,10.0,207.0,614.0,3992.0,44.0,35.0,40.0
486.0,2819.5,344,21.0,67.0,2462,10.0,217.0,644.0,3463.5,38.0,37.0,33.0
487.0,2782.0,294,19.0,76.0,1959,10.0,222.0,659.0,3441.0,38.0,38.0,33.0
488.0,3200.0,140,19.0,79.0,2865,10.0,227.0,674.0,3874.0,42.0,38.0,38.0
489.0,5e3,64,20.0,88.0,2443,10.0,247.0,733.0,5733.0,63.0,42.0,59.0
490.0,3085.0,402,22.0,62.0,1412,10.0,213.0,634.0,3719.0,41.0,36.0,36.0
491.0,2181.0,53,18.0,62.0,1015,10.0,193.0,575.0,2756.0,30.0,33.0,26.0
492.0,4500.0,28,19.0,74.0,2095,10.0,218.0,649.0,5149.0,56.0,37.0,53.0
493.0,4850.0,35,16.0,58.0,2010,10.0,177.0,525.0,5375.0,59.0,30.0,57.0
494.0,5200.0,45,21.0,72.0,1992,10.0,225.0,669.0,5869.0,64.0,38.0,61.0
495.0,3750.0,29,22.0,105.0,2563,10.0,285.0,847.0,4597.0,50.0,48.0,44.0
496.0,3195.0,41,24.0,114.0,981,10.0,310.0,922.0,4117.0,45.0,53.0,38.0
497.0,7675.0,38,20.0,70.0,2027,10.0,217.0,644.0,8319.0,91.0,37.0,90.0
498.0,3950.0,45,17.0,55.0,1441,10.0,177.0,525.0,4475.0,49.0,30.0,46.0
499.0,1895.0,120,17.0,57.0,2902,10.0,180.0,535.0,2430.0,27.0,31.0,22.0
500.0,2095.0,71,18.0,71.0,1467,10.0,208.0,619.0,2714.0,30.0,35.0,25.0
501.0,3195.0,12,17.0,61.0,1483,10.0,187.0,555.0,3750.0,41.0,32.0,38.0
502.0,1755.0,73,16.0,54.0,1733,10.0,170.0,505.0,2260.0,25.0,29.0,21.0
503.0,1920.0,527,17.0,57.0,2278,10.0,180.0,535.0,2455.0,27.0,31.0,23.0
504.0,2250.0,68,18.0,52.0,1771,10.0,177.0,525.0,2775.0,30.0,30.0,26.0
505.0,1950.0,112,19.0,64.0,2291,10.0,202.0,600.0,2550.0,28.0,34.0,23.0
506.0,2322.5,28,18.0,71.0,1379,10.0,208.0,619.0,2941.5,32.0,35.0,27.0
507.0,4e3,57,20.0,75.0,1538,10.0,225.0,669.0,4669.0,51.0,38.0,47.0
508.0,2777.0,109,20.0,85.0,905,10.0,242.0,719.0,3496.0,38.0,41.0,33.0
509.0,1920.0,127,23.0,94.0,934,10.0,272.0,808.0,2728.0,30.0,46.0,23.0
510.0,3500.0,21,21.0,110.0,864,10.0,288.0,857.0,4357.0,48.0,49.0,41.0
511.0,3500.0,293,22.0,97.0,2286,10.0,272.0,808.0,4308.0,47.0,46.0,41.0
512.0,1950.0,121,NA,NA,NA,NA,NA,NA,NA,NA,NA,23.0
513.0,2795.0,13,21.0,104.0,992,10.0,278.0,828.0,3623.0,40.0,47.0,33.0
514.0,2600.0,35,24.0,121.0,2573,10.0,322.0,956.0,3556.0,39.0,55.0,31.0
515.0,1795.0,77,19.0,80.0,2654,10.0,228.0,679.0,2474.0,27.0,39.0,21.0
516.0,2900.0,23,20.0,96.0,1371,10.0,260.0,773.0,3673.0,40.0,44.0,34.0
517.0,2400.0,38,19.0,78.0,1927,10.0,225.0,669.0,3069.0,33.0,38.0,28.0
518.0,2597.5,114,21.0,104.0,2051,10.0,278.0,828.0,3425.5,37.0,47.0,31.0
519.0,2295.0,163,17.0,75.0,2970,10.0,210.0,624.0,2919.0,32.0,36.0,27.0
520.0,1875.0,44,17.0,71.0,1415,10.0,203.0,605.0,2480.0,27.0,34.0,22.0
521.0,1795.0,131,17.0,60.0,1970,10.0,185.0,550.0,2345.0,26.0,31.0,21.0
522.0,1840.0,19,19.0,57.0,2233,11.0,190.0,565.0,2405.0,26.0,32.0,22.0
523.0,2900.0,42,21.0,69.0,2770,11.0,220.0,654.0,3554.0,39.0,37.0,34.0
524.0,3500.0,5,19.0,66.0,1729,11.0,205.0,610.0,4110.0,45.0,35.0,41.0
525.0,2950.0,14,16.0,52.0,1418,11.0,167.0,496.0,3446.0,38.0,28.0,35.0
526.0,1995.0,78,16.0,54.0,2407,11.0,170.0,505.0,2500.0,27.0,29.0,23.0
527.0,3195.0,41,14.0,56.0,2632,11.0,163.0,486.0,3681.0,40.0,28.0,38.0
528.0,2150.0,92,14.0,54.0,2416,11.0,160.0,476.0,2626.0,29.0,27.0,25.0
529.0,1965.0,21,17.0,42.0,806,11.0,155.0,461.0,2426.0,26.0,26.0,23.0
530.0,2125.0,398,19.0,59.0,2617,11.0,193.0,575.0,2700.0,29.0,33.0,25.0
531.0,2695.0,27,16.0,56.0,1100,11.0,173.0,515.0,3210.0,35.0,29.0,32.0
532.0,2199.0,307,12.0,44.0,2540,11.0,133.0,396.0,2595.0,28.0,23.0,26.0
533.0,2487.0,190,14.0,45.0,3336,11.0,145.0,431.0,2918.0,32.0,25.0,29.0
534.0,2300.0,427,16.0,49.0,1893,11.0,162.0,481.0,2781.0,30.0,27.0,27.0
535.0,1250.0,51,15.0,40.0,2282,11.0,142.0,421.0,1671.0,18.0,24.0,15.0
536.0,1750.0,44,12.0,43.0,2144,11.0,132.0,391.0,2141.0,23.0,22.0,21.0
537.0,2684.0,420,10.0,40.0,1682,11.0,117.0,347.0,3031.0,33.0,20.0,32.0
538.0,2285.0,113,12.0,33.0,720,11.0,115.0,342.0,2627.0,29.0,19.0,27.0
539.0,1395.0,8,17.0,48.0,345,11.0,165.0,491.0,1886.0,21.0,28.0,16.0
540.0,2630.0,87,15.0,41.0,1868,11.0,143.0,426.0,3056.0,33.0,24.0,31.0
541.0,2595.0,122,14.0,48.0,1858,11.0,150.0,446.0,3041.0,33.0,25.0,31.0
542.0,1475.0,21,14.0,46.0,912,11.0,147.0,436.0,1911.0,21.0,25.0,17.0
543.0,2650.0,149,15.0,47.0,2372,11.0,153.0,456.0,3106.0,34.0,26.0,31.0
544.0,2320.0,343,15.0,50.0,2294,11.0,158.0,471.0,2791.0,30.0,27.0,27.0
545.0,2230.0,80,17.0,44.0,1846,11.0,158.0,471.0,2701.0,29.0,27.0,26.0
546.0,2200.0,269,14.0,50.0,1809,11.0,153.0,456.0,2656.0,29.0,26.0,26.0
547.0,2995.0,105,16.0,53.0,2087,11.0,168.0,501.0,3496.0,38.0,29.0,35.0
548.0,2379.5,322,15.0,50.0,3676,11.0,158.0,471.0,2850.5,31.0,27.0,28.0
549.0,1425.0,90,14.0,44.0,2600,11.0,143.0,426.0,1851.0,20.0,24.0,17.0
550.0,1450.0,31,15.0,54.0,1955,11.0,165.0,491.0,1941.0,21.0,28.0,17.0
551.0,1750.0,37,12.0,49.0,2750,11.0,142.0,421.0,2171.0,24.0,24.0,21.0
552.0,1695.0,31,11.0,58.0,1745,11.0,152.0,451.0,2146.0,23.0,26.0,20.0
553.0,3400.0,35,13.0,59.0,1802,11.0,163.0,486.0,3886.0,42.0,28.0,40.0
554.0,2699.0,51,13.0,48.0,1598,11.0,145.0,431.0,3130.0,34.0,25.0,32.0
555.0,1450.0,123,10.0,54.0,3261,11.0,140.0,416.0,1866.0,20.0,24.0,17.0
556.0,1600.0,65,9.0,44.0,1720,11.0,118.0,352.0,1952.0,21.0,20.0,19.0
557.0,2253.0,269,12.0,39.0,1796,11.0,125.0,372.0,2625.0,29.0,21.0,27.0
558.0,2695.5,324,11.0,42.0,1202,11.0,125.0,372.0,3067.5,33.0,21.0,32.0
559.0,3100.0,15,12.0,44.0,1786,11.0,133.0,396.0,3496.0,38.0,23.0,36.0
560.0,3174.0,79,10.0,44.0,2226,11.0,123.0,367.0,3541.0,39.0,21.0,37.0
561.0,2500.0,23,13.0,60.0,1510,11.0,165.0,491.0,2991.0,33.0,28.0,29.0
562.0,1725.0,20,11.0,53.0,1930,11.0,143.0,426.0,2151.0,23.0,24.0,20.0
563.0,1925.0,94,16.0,70.0,3803,11.0,197.0,585.0,2510.0,27.0,33.0,23.0
564.0,2275.0,190,14.0,64.0,2819,11.0,177.0,525.0,2800.0,31.0,30.0,27.0
565.0,2397.0,57,16.0,71.0,1860,11.0,198.0,590.0,2987.0,33.0,34.0,28.0
566.0,2750.0,57,15.0,75.0,1616,11.0,200.0,595.0,3345.0,36.0,34.0,32.0
567.0,600.0,13,17.0,69.0,2544,11.0,200.0,595.0,1195.0,13.0,34.0,7.0
568.0,1950.0,23,19.0,70.0,3179,11.0,212.0,629.0,2579.0,28.0,36.0,23.0
569.0,1900.0,35,18.0,74.0,1549,11.0,213.0,634.0,2534.0,28.0,36.0,22.0
570.0,1095.0,6,17.0,70.0,1472,11.0,202.0,600.0,1695.0,18.0,34.0,13.0
571.0,2300.0,5,17.0,81.0,1294,11.0,220.0,654.0,2954.0,32.0,37.0,27.0
572.0,2500.0,3,18.0,75.0,1423,11.0,215.0,639.0,3139.0,34.0,36.0,29.0
573.0,3125.0,4,17.0,85.0,1380,11.0,227.0,674.0,3799.0,41.0,38.0,37.0
574.0,2012.5,16,19.0,70.0,1500,11.0,212.0,629.0,2641.5,29.0,36.0,24.0
575.0,3950.0,5,17.0,78.0,1464,11.0,215.0,639.0,4589.0,50.0,36.0,46.0
576.0,2800.0,1,15.0,75.0,1889,11.0,200.0,595.0,3395.0,37.0,34.0,33.0
577.0,2395.0,8,15.0,71.0,2120,11.0,193.0,575.0,2970.0,32.0,33.0,28.0
578.0,1725.0,133,16.0,73.0,3041,11.0,202.0,600.0,2325.0,25.0,34.0,20.0
579.0,2600.0,14,13.0,60.0,855,11.0,165.0,491.0,3091.0,34.0,28.0,31.0
580.0,2945.0,1,13.0,65.0,1517,11.0,173.0,515.0,3460.0,38.0,29.0,35.0
581.0,2400.0,1,14.0,65.0,1826,12.0,178.0,530.0,2930.0,32.0,30.0,28.0
582.0,1900.0,9,16.0,84.0,2821,12.0,220.0,654.0,2554.0,28.0,37.0,22.0
583.0,2850.0,21,18.0,73.0,2990,12.0,212.0,629.0,3479.0,38.0,36.0,34.0
584.0,800.0,2,15.0,61.0,1703,12.0,177.0,525.0,1325.0,14.0,30.0,9.0
585.0,1900.0,13,16.0,73.0,1701,12.0,202.0,600.0,2500.0,27.0,34.0,22.0
586.0,2850.0,2,16.0,66.0,2322,12.0,190.0,565.0,3415.0,37.0,32.0,34.0
588.0,2574.5,6,15.0,65.0,2121,12.0,183.0,545.0,3119.5,34.0,31.0,30.0
589.0,2600.0,15,13.0,58.0,2471,12.0,162.0,481.0,3081.0,34.0,27.0,31.0
590.0,3e3,4,13.0,56.0,1678,12.0,158.0,471.0,3471.0,38.0,27.0,35.0
591.0,2360.0,68,13.0,55.0,3287,12.0,157.0,466.0,2826.0,31.0,27.0,28.0
592.0,3e3,19,12.0,60.0,1769,12.0,160.0,476.0,3476.0,38.0,27.0,35.0
593.0,1795.0,37,14.0,59.0,1135,12.0,168.0,501.0,2296.0,25.0,29.0,21.0
594.0,2050.0,22,15.0,54.0,2289,12.0,165.0,491.0,2541.0,28.0,28.0,24.0
595.0,1675.0,40,12.0,51.0,2687,12.0,145.0,431.0,2106.0,23.0,25.0,20.0
596.0,2495.0,37,12.0,54.0,1070,12.0,150.0,446.0,2941.0,32.0,25.0,29.0
597.0,1900.0,111,13.0,49.0,2107,12.0,147.0,436.0,2336.0,25.0,25.0,22.0
598.0,2800.0,35,14.0,61.0,3596,12.0,172.0,510.0,3310.0,36.0,29.0,33.0
599.0,2925.0,40,14.0,62.0,1840,12.0,173.0,515.0,3440.0,38.0,29.0,34.0
600.0,2300.0,294,16.0,72.0,1690,12.0,200.0,595.0,2895.0,32.0,34.0,27.0
601.0,3e3,113,18.0,83.0,3628,12.0,228.0,679.0,3679.0,40.0,39.0,35.0
603.0,1895.0,122,13.0,51.0,64,12.0,150.0,446.0,2341.0,26.0,25.0,22.0
604.0,2590.0,12,18.0,69.0,953,12.0,205.0,610.0,3200.0,35.0,35.0,30.0
605.0,2377.0,305,17.0,70.0,4480,12.0,202.0,600.0,2977.0,32.0,34.0,28.0
606.0,2345.0,203,17.0,70.0,2052,12.0,202.0,600.0,2945.0,32.0,34.0,28.0
607.0,2590.0,96,17.0,62.0,1855,12.0,188.0,560.0,3150.0,34.0,32.0,30.0
608.0,2950.0,4,18.0,90.0,424,12.0,240.0,714.0,3664.0,40.0,41.0,35.0
609.0,2750.0,168,23.0,88.0,1798,12.0,262.0,778.0,3528.0,38.0,44.0,32.0
610.0,3025.0,14,22.0,93.0,675,12.0,265.0,788.0,3813.0,42.0,45.0,36.0
611.0,2800.0,34,21.0,80.0,2223,12.0,238.0,709.0,3509.0,38.0,40.0,33.0
612.0,2317.5,98,21.0,98.0,2203,12.0,268.0,798.0,3115.5,34.0,45.0,27.0
613.0,2625.0,24,21.0,90.0,1389,12.0,255.0,758.0,3383.0,37.0,43.0,31.0
614.0,2465.0,153,23.0,95.0,1694,12.0,273.0,813.0,3278.0,36.0,46.0,29.0
615.0,2200.0,2,23.0,97.0,1775,12.0,277.0,823.0,3023.0,33.0,47.0,26.0
616.0,2295.0,11,21.0,90.0,1953,12.0,255.0,758.0,3053.0,33.0,43.0,27.0
617.0,1885.0,30,19.0,80.0,1860,12.0,228.0,679.0,2564.0,28.0,39.0,22.0
618.0,2600.0,16,23.0,93.0,947,12.0,270.0,803.0,3403.0,37.0,46.0,31.0
619.0,2982.5,28,23.0,88.0,1937,12.0,262.0,778.0,3760.5,41.0,44.0,35.0
620.0,2495.0,17,22.0,79.0,1396,12.0,242.0,719.0,3214.0,35.0,41.0,29.0
621.0,2600.0,7,18.0,72.0,1691,12.0,210.0,624.0,3224.0,35.0,36.0,31.0
622.0,1887.5,16,23.0,90.0,1897,12.0,265.0,788.0,2675.5,29.0,45.0,22.0
623.0,2500.0,28,22.0,88.0,2678,12.0,257.0,763.0,3263.0,36.0,44.0,29.0
624.0,5200.0,4,16.0,72.0,1079,12.0,200.0,595.0,5795.0,63.0,34.0,61.0
625.0,2053.0,71,17.0,65.0,2708,12.0,193.0,575.0,2628.0,29.0,33.0,24.0
626.0,2103.0,38,17.0,72.0,1751,12.0,205.0,610.0,2713.0,30.0,35.0,25.0
627.0,2347.5,28,14.0,56.0,2208,12.0,163.0,486.0,2833.5,31.0,28.0,28.0
628.0,3250.0,9,17.0,69.0,1706,12.0,200.0,595.0,3845.0,42.0,34.0,38.0
629.0,2999.5,12,19.0,88.0,1898,12.0,242.0,719.0,3718.5,41.0,41.0,35.0
630.0,2600.0,45,16.0,72.0,3004,12.0,200.0,595.0,3195.0,35.0,34.0,31.0
631.0,1825.0,17,16.0,66.0,1939,12.0,190.0,565.0,2390.0,26.0,32.0,21.0
632.0,1850.0,51,16.0,70.0,2299,12.0,197.0,585.0,2435.0,27.0,33.0,22.0
633.0,2495.0,15,15.0,71.0,3174,12.0,193.0,575.0,3070.0,33.0,33.0,29.0
634.0,2425.0,6,15.0,57.0,2117,12.0,170.0,505.0,2930.0,32.0,29.0,29.0
635.0,1248.0,36,16.0,70.0,1573,12.0,197.0,585.0,1833.0,20.0,33.0,15.0
636.0,2700.0,5,18.0,81.0,1926,12.0,225.0,669.0,3369.0,37.0,38.0,32.0
637.0,3300.0,4,20.0,96.0,1320,12.0,260.0,773.0,4073.0,44.0,44.0,39.0
638.0,2300.0,10,18.0,85.0,1853,12.0,232.0,689.0,2989.0,33.0,39.0,27.0
639.0,2100.0,23,17.0,78.0,2119,12.0,215.0,639.0,2739.0,30.0,36.0,25.0
640.0,1050.0,2,16.0,76.0,1180,12.0,207.0,614.0,1664.0,18.0,35.0,12.0
641.0,2672.5,4,20.0,96.0,1315,12.0,260.0,773.0,3445.5,38.0,44.0,31.0
642.0,2500.0,3,21.0,100.0,1241,12.0,272.0,808.0,3308.0,36.0,46.0,29.0
643.0,2650.0,15,22.0,105.0,1501,12.0,285.0,847.0,3497.0,38.0,48.0,31.0
644.0,1925.0,4,20.0,89.0,1673,12.0,248.0,738.0,2663.0,29.0,42.0,23.0
645.0,2800.0,99,22.0,97.0,1508,12.0,272.0,808.0,3608.0,39.0,46.0,33.0
646.0,2850.0,19,22.0,91.0,1124,12.0,262.0,778.0,3628.0,40.0,44.0,34.0
647.0,2995.0,5,23.0,91.0,1418,12.0,267.0,793.0,3788.0,41.0,45.0,35.0
648.0,2900.0,8,21.0,93.0,1691,12.0,260.0,773.0,3673.0,40.0,44.0,34.0
649.0,2800.0,26,23.0,94.0,1585,12.0,272.0,808.0,3608.0,39.0,46.0,33.0
650.0,2550.0,8,21.0,96.0,2671,12.0,265.0,788.0,3338.0,36.0,45.0,30.0
651.0,2035.0,84,19.0,90.0,2747,12.0,245.0,728.0,2763.0,30.0,42.0,24.0
652.0,1700.0,2,23.0,106.0,1722,12.0,292.0,867.0,2567.0,28.0,49.0,20.0
653.0,3600.0,39,24.0,96.0,3518,12.0,280.0,833.0,4433.0,48.0,47.0,42.0
654.0,1800.0,40,26.0,122.0,2373,12.0,333.0,991.0,2791.0,30.0,56.0,21.0
655.0,4e3,41,20.0,109.0,3970,12.0,282.0,837.0,4837.0,53.0,48.0,47.0
656.0,2550.0,33,20.0,115.0,2455,13.0,292.0,867.0,3417.0,37.0,49.0,30.0
657.0,1965.0,119,18.0,82.0,2630,13.0,227.0,674.0,2639.0,29.0,38.0,23.0
658.0,3200.0,13,21.0,87.0,1545,13.0,250.0,743.0,3943.0,43.0,42.0,38.0
659.0,2625.0,16,20.0,82.0,1082,13.0,237.0,704.0,3329.0,36.0,40.0,31.0
660.0,2168.0,26,17.0,68.0,1340,13.0,198.0,590.0,2758.0,30.0,34.0,26.0
661.0,1995.0,169,18.0,66.0,3045,13.0,200.0,595.0,2590.0,28.0,34.0,23.0
662.0,3150.0,14,19.0,79.0,1579,13.0,227.0,674.0,3824.0,42.0,38.0,37.0
663.0,2717.5,10,18.0,77.0,1076,13.0,218.0,649.0,3366.5,37.0,37.0,32.0
664.0,2488.0,49,19.0,72.0,2362,13.0,215.0,639.0,3127.0,34.0,36.0,29.0
665.0,2747.5,36,17.0,76.0,2439,13.0,212.0,629.0,3376.5,37.0,36.0,32.0
666.0,1805.0,126,15.0,63.0,2111,13.0,180.0,535.0,2340.0,26.0,31.0,21.0
667.0,1999.5,84,14.0,57.0,2125,13.0,165.0,491.0,2490.5,27.0,28.0,24.0
668.0,2125.0,14,16.0,73.0,2495,13.0,202.0,600.0,2725.0,30.0,34.0,25.0
669.0,1650.0,100,17.0,73.0,3429,13.0,207.0,614.0,2264.0,25.0,35.0,19.0
670.0,2545.0,12,18.0,79.0,3144,13.0,222.0,659.0,3204.0,35.0,38.0,30.0
671.0,1936.0,185,17.0,71.0,2578,13.0,203.0,605.0,2541.0,28.0,34.0,23.0
672.0,2309.5,320,17.0,73.0,1680,13.0,207.0,614.0,2923.5,32.0,35.0,27.0
673.0,2095.0,15,15.0,64.0,1414,13.0,182.0,540.0,2635.0,29.0,31.0,25.0
674.0,2200.0,112,15.0,57.0,2205,13.0,170.0,505.0,2705.0,30.0,29.0,26.0
675.0,1595.0,35,14.0,67.0,2136,13.0,182.0,540.0,2135.0,23.0,31.0,19.0
676.0,2083.0,364,16.0,66.0,3509,13.0,190.0,565.0,2648.0,29.0,32.0,25.0
677.0,1920.0,44,14.0,59.0,2062,13.0,168.0,501.0,2421.0,26.0,29.0,23.0
678.0,3200.0,5,18.0,69.0,939,13.0,205.0,610.0,3810.0,42.0,35.0,38.0
679.0,2398.0,118,16.0,60.0,1463,13.0,180.0,535.0,2933.0,32.0,31.0,28.0
680.0,2175.0,14,19.0,75.0,2711,13.0,220.0,654.0,2829.0,31.0,37.0,26.0
681.0,1495.0,55,16.0,65.0,1157,13.0,188.0,560.0,2055.0,22.0,32.0,18.0
682.0,2450.0,19,20.0,80.0,1776,13.0,233.0,694.0,3144.0,34.0,40.0,29.0
683.0,1525.0,1,19.0,67.0,1371,13.0,207.0,614.0,2139.0,23.0,35.0,18.0
684.0,2995.0,41,20.0,74.0,2493,13.0,223.0,664.0,3659.0,40.0,38.0,35.0
685.0,1895.0,19,19.0,73.0,1701,13.0,217.0,644.0,2539.0,28.0,37.0,22.0
686.0,1950.0,55,17.0,74.0,1781,13.0,208.0,619.0,2569.0,28.0,35.0,23.0
687.0,2875.0,28,18.0,69.0,1537,13.0,205.0,610.0,3485.0,38.0,35.0,34.0
688.0,3450.0,40,18.0,57.0,3438,13.0,185.0,550.0,4e3,44.0,31.0,41.0
689.0,3680.0,7,22.0,75.0,1551,13.0,235.0,699.0,4379.0,48.0,40.0,43.0
690.0,4250.0,14,21.0,91.0,1865,13.0,257.0,763.0,5013.0,55.0,44.0,50.0
691.0,4195.0,8,24.0,80.0,1019,13.0,253.0,753.0,4948.0,54.0,43.0,49.0
692.0,3850.0,28,22.0,72.0,1008,13.0,230.0,684.0,4534.0,49.0,39.0,45.0
693.0,4200.0,44,21.0,76.0,1299,13.0,232.0,689.0,4889.0,53.0,39.0,49.0
694.0,4650.0,42,25.0,92.0,1817,13.0,278.0,828.0,5478.0,60.0,47.0,55.0
695.0,4250.0,40,25.0,95.0,2734,13.0,283.0,842.0,5092.0,56.0,48.0,50.0
696.0,4575.0,17,20.0,84.0,1699,13.0,240.0,714.0,5289.0,58.0,41.0,54.0
697.0,1432.5,2,20.0,75.0,617,14.0,225.0,669.0,2101.5,23.0,38.0,17.0
698.0,3300.0,20,21.0,115.0,2849,14.0,297.0,882.0,4182.0,46.0,50.0,39.0
699.0,2895.0,12,NA,NA,NA,NA,NA,NA,NA,NA,NA,34.0
700.0,2062.5,84,18.0,71.0,3457,14.0,208.0,619.0,2681.5,29.0,35.0,24.0
701.0,2950.0,24,17.0,72.0,2306,14.0,205.0,610.0,3560.0,39.0,35.0,35.0
702.0,1900.0,66,18.0,57.0,3926,14.0,185.0,550.0,2450.0,27.0,31.0,22.0
703.0,2875.0,15,24.0,93.0,1453,14.0,275.0,818.0,3693.0,40.0,47.0,34.0
704.0,3295.0,7,NA,NA,NA,NA,NA,NA,NA,NA,NA,39.0
705.0,1690.0,54,18.0,77.0,3599,14.0,218.0,649.0,2339.0,26.0,37.0,20.0
706.0,2012.5,8,NA,NA,NA,NA,NA,NA,NA,NA,NA,24.0
707.0,1640.0,50,13.0,51.0,3127,14.0,150.0,446.0,2086.0,23.0,25.0,19.0
708.0,1695.0,21,16.0,62.0,3058,14.0,183.0,545.0,2240.0,24.0,31.0,20.0
709.0,1600.0,110,13.0,53.0,2176,14.0,153.0,456.0,2056.0,22.0,26.0,19.0
710.0,1695.0,147,12.0,70.0,2493,14.0,177.0,525.0,2220.0,24.0,30.0,20.0
711.0,3325.0,26,13.0,75.0,2722,14.0,190.0,565.0,3890.0,42.0,32.0,39.0
712.0,1850.0,21,13.0,80.0,1555,14.0,198.0,590.0,2440.0,27.0,34.0,22.0
713.0,1900.0,20,NA,NA,NA,NA,NA,NA,NA,NA,NA,22.0
714.0,1900.0,6,NA,NA,NA,NA,NA,NA,NA,NA,NA,22.0
715.0,2450.0,33,20.0,103.0,2893,15.0,272.0,808.0,3258.0,36.0,46.0,29.0
716.0,1548.0,107,22.0,61.0,1254,15.0,212.0,629.0,2177.0,24.0,36.0,18.0
717.0,2235.0,100,23.0,78.0,1989,15.0,245.0,728.0,2963.0,32.0,42.0,26.0
718.0,1699.0,60,26.0,89.0,2603,15.0,278.0,828.0,2527.0,28.0,47.0,20.0
719.0,1630.0,169,22.0,106.0,2535,15.0,287.0,852.0,2482.0,27.0,49.0,19.0
720.0,2500.0,40,NA,NA,NA,NA,NA,NA,NA,NA,NA,29.0
721.0,1791.0,117,19.0,84.0,2240,15.0,235.0,699.0,2490.0,27.0,40.0,21.0
722.0,1672.0,156,18.0,51.0,3284,15.0,175.0,520.0,2192.0,24.0,30.0,20.0
723.0,1900.0,65,21.0,55.0,1346,15.0,197.0,585.0,2485.0,27.0,33.0,22.0
724.0,2255.0,122,22.0,77.0,2434,15.0,238.0,709.0,2964.0,32.0,40.0,27.0
725.0,6e3,1,NA,NA,NA,NA,NA,NA,NA,NA,NA,71.0
726.0,1700.0,59,23.0,90.0,3176,15.0,265.0,788.0,2488.0,27.0,45.0,20.0
727.0,2800.0,2,18.0,77.0,1030,15.0,218.0,649.0,3449.0,38.0,37.0,33.0
728.0,1999.0,13,16.0,74.0,2614,15.0,203.0,605.0,2604.0,28.0,34.0,24.0
729.0,2300.0,137,10.0,48.0,2026,15.0,130.0,387.0,2687.0,29.0,22.0,27.0
730.0,2357.0,459,23.0,73.0,2284,15.0,237.0,704.0,3061.0,33.0,40.0,28.0
731.0,2275.0,241,23.0,90.0,1420,15.0,265.0,788.0,3063.0,33.0,45.0,27.0
732.0,2250.0,487,21.0,79.0,1576,15.0,237.0,704.0,2954.0,32.0,40.0,26.0
733.0,2350.0,52,21.0,67.0,2108,15.0,217.0,644.0,2994.0,33.0,37.0,28.0
734.0,1999.0,144,23.0,85.0,2842,15.0,257.0,763.0,2762.0,30.0,44.0,24.0
735.0,2122.5,48,NA,NA,NA,NA,NA,NA,NA,NA,NA,25.0
736.0,2280.5,128,22.0,92.0,3028,15.0,263.0,783.0,3063.5,33.0,45.0,27.0
737.0,2534.0,45,17.0,68.0,1725,15.0,198.0,590.0,3124.0,34.0,34.0,30.0
738.0,1873.5,116,20.0,85.0,2113,15.0,242.0,719.0,2592.5,28.0,41.0,22.0
739.0,1850.0,50,18.0,73.0,1637,15.0,212.0,629.0,2479.0,27.0,36.0,22.0
740.0,1902.0,347,15.0,51.0,1266,15.0,160.0,476.0,2378.0,26.0,27.0,22.0
741.0,1695.0,11,13.0,50.0,2388,15.0,148.0,441.0,2136.0,23.0,25.0,20.0
742.0,2045.0,382,15.0,55.0,5707,15.0,167.0,496.0,2541.0,28.0,28.0,24.0
743.0,2273.5,132,16.0,58.0,3158,15.0,177.0,525.0,2798.5,31.0,30.0,27.0
744.0,2435.0,153,18.0,70.0,2373,15.0,207.0,614.0,3049.0,33.0,35.0,29.0
745.0,2495.0,20,20.0,94.0,1731,15.0,257.0,763.0,3258.0,36.0,44.0,29.0
746.0,5950.0,57,26.0,120.0,2790,15.0,330.0,981.0,6931.0,76.0,56.0,70.0
747.0,4400.0,2,24.0,111.0,1186,16.0,305.0,907.0,5307.0,58.0,52.0,52.0
748.0,3325.0,10,24.0,95.0,1456,16.0,278.0,828.0,4153.0,45.0,47.0,39.0
749.0,2295.0,39,24.0,86.0,2438,16.0,263.0,783.0,3078.0,34.0,45.0,27.0
750.0,2300.0,33,NA,NA,NA,NA,NA,NA,NA,NA,NA,27.0
751.0,2040.0,12,NA,NA,NA,NA,NA,NA,NA,NA,NA,24.0
752.0,2880.0,7,22.0,80.0,147,16.0,243.0,724.0,3604.0,39.0,41.0,34.0
753.0,2040.0,14,27.0,102.0,1502,16.0,305.0,907.0,2947.0,32.0,52.0,24.0
754.0,3800.0,16,27.0,88.0,1124,16.0,282.0,837.0,4637.0,51.0,48.0,45.0
755.0,2850.0,123,23.0,82.0,3671,16.0,252.0,748.0,3598.0,39.0,43.0,34.0
756.0,3650.0,28,21.0,82.0,2371,16.0,242.0,719.0,4369.0,48.0,41.0,43.0
757.0,2900.0,22,21.0,83.0,995,16.0,243.0,724.0,3624.0,40.0,41.0,34.0
758.0,2325.0,83,23.0,73.0,2117,16.0,237.0,704.0,3029.0,33.0,40.0,27.0
759.0,2012.5,60,24.0,70.0,2643,16.0,237.0,704.0,2716.5,30.0,40.0,24.0
760.0,1995.0,304,22.0,59.0,2138,16.0,208.0,619.0,2614.0,29.0,35.0,23.0
761.0,2100.0,133,22.0,60.0,3149,16.0,210.0,624.0,2724.0,30.0,36.0,25.0
762.0,1834.0,131,21.0,62.0,1204,16.0,208.0,619.0,2453.0,27.0,35.0,22.0
763.0,1899.0,314,21.0,54.0,2824,16.0,195.0,580.0,2479.0,27.0,33.0,22.0
764.0,2300.0,17,22.0,64.0,2256,16.0,217.0,644.0,2944.0,32.0,37.0,27.0
765.0,1900.0,18,25.0,74.0,1016,16.0,248.0,738.0,2638.0,29.0,42.0,22.0
766.0,2422.5,2,20.0,71.0,878,16.0,218.0,649.0,3071.5,33.0,37.0,28.0
767.0,2300.0,39,24.0,77.0,3062,16.0,248.0,738.0,3038.0,33.0,42.0,27.0
768.0,2e3,34,25.0,89.0,3347,16.0,273.0,813.0,2813.0,31.0,46.0,24.0
769.0,2395.0,60,24.0,82.0,4416,16.0,257.0,763.0,3158.0,34.0,44.0,28.0
770.0,1900.0,19,25.0,73.0,2254,16.0,247.0,733.0,2633.0,29.0,42.0,22.0
771.0,2100.0,7,24.0,74.0,2483,16.0,243.0,724.0,2824.0,31.0,41.0,25.0
772.0,1875.0,194,24.0,69.0,1821,16.0,235.0,699.0,2574.0,28.0,40.0,22.0
773.0,2334.0,147,26.0,74.0,1973,16.0,253.0,753.0,3087.0,34.0,43.0,27.0
774.0,2e3,65,21.0,57.0,2342,16.0,200.0,595.0,2595.0,28.0,34.0,24.0
775.0,2307.0,121,21.0,58.0,2770,16.0,202.0,600.0,2907.0,32.0,34.0,27.0
776.0,1950.0,207,21.0,61.0,2227,16.0,207.0,614.0,2564.0,28.0,35.0,23.0
777.0,2055.0,286,19.0,53.0,1807,16.0,183.0,545.0,2600.0,28.0,31.0,24.0
778.0,2267.0,926,24.0,58.0,4696,16.0,217.0,644.0,2911.0,32.0,37.0,27.0
779.0,3750.0,12,24.0,87.0,1838,16.0,265.0,788.0,4538.0,49.0,45.0,44.0
780.0,4600.0,5,25.0,76.0,933,16.0,252.0,748.0,5348.0,58.0,43.0,54.0
781.0,2110.0,13,27.0,88.0,1343,16.0,282.0,837.0,2947.0,32.0,48.0,25.0
782.0,1595.0,29,26.0,75.0,2482,16.0,255.0,758.0,2353.0,26.0,43.0,19.0
783.0,2155.0,235,22.0,92.0,1030,16.0,263.0,783.0,2938.0,32.0,45.0,25.0
784.0,2475.0,14,23.0,72.0,1834,16.0,235.0,699.0,3174.0,35.0,40.0,29.0
785.0,1665.0,109,21.0,66.0,2438,16.0,215.0,639.0,2304.0,25.0,36.0,20.0
786.0,2700.0,13,23.0,70.0,1575,16.0,232.0,689.0,3389.0,37.0,39.0,32.0
787.0,2350.0,14,24.0,65.0,2487,16.0,228.0,679.0,3029.0,33.0,39.0,28.0
788.0,2424.0,49,26.0,85.0,1827,16.0,272.0,808.0,3232.0,35.0,46.0,29.0
789.0,2400.0,2,28.0,95.0,1811,16.0,298.0,887.0,3287.0,36.0,51.0,28.0
790.0,3850.0,23,26.0,96.0,2035,16.0,290.0,862.0,4712.0,51.0,49.0,45.0
791.0,2247.5,12,25.0,90.0,1269,16.0,275.0,818.0,3065.5,33.0,47.0,26.0
793.0,2e3,26,26.0,93.0,1663,16.0,285.0,847.0,2847.0,31.0,48.0,24.0
794.0,3200.0,6,24.0,91.0,1128,16.0,272.0,808.0,4008.0,44.0,46.0,38.0
795.0,2550.0,2,23.0,76.0,1203,16.0,242.0,719.0,3269.0,36.0,41.0,30.0
796.0,2697.5,10,24.0,87.0,2545,16.0,265.0,788.0,3485.5,38.0,45.0,32.0
797.0,1780.0,17,28.0,97.0,2338,16.0,302.0,897.0,2677.0,29.0,51.0,21.0
798.0,1989.5,144,26.0,104.0,1379,16.0,303.0,902.0,2891.5,32.0,51.0,23.0
799.0,2179.0,142,23.0,69.0,1977,16.0,230.0,684.0,2863.0,31.0,39.0,26.0
800.0,1780.0,196,24.0,56.0,2098,16.0,213.0,634.0,2414.0,26.0,36.0,21.0
801.0,2085.0,214,23.0,52.0,3759,16.0,202.0,600.0,2685.0,29.0,34.0,25.0
802.0,2450.0,16,25.0,67.0,1730,16.0,237.0,704.0,3154.0,34.0,40.0,29.0
803.0,920.0,11,27.0,84.0,622,16.0,275.0,818.0,1738.0,19.0,47.0,11.0
804.0,4880.0,2,29.0,93.0,859,17.0,300.0,892.0,5772.0,63.0,51.0,57.0
805.0,2350.0,29,29.0,88.0,2220,17.0,292.0,867.0,3217.0,35.0,49.0,28.0
806.0,1695.0,35,25.0,77.0,2730,17.0,253.0,753.0,2448.0,27.0,43.0,20.0
807.0,2100.0,1,21.0,74.0,1359,17.0,228.0,679.0,2779.0,30.0,39.0,25.0
808.0,1200.0,5,21.0,86.0,1044,17.0,248.0,738.0,1938.0,21.0,42.0,14.0
809.0,2162.5,2,22.0,102.0,701,17.0,280.0,833.0,2995.5,33.0,47.0,25.0
810.0,1995.0,30,22.0,91.0,3076,17.0,262.0,778.0,2773.0,30.0,44.0,23.0
811.0,1860.0,141,22.0,87.0,1891,17.0,255.0,758.0,2618.0,29.0,43.0,22.0
812.0,2e3,26,22.0,76.0,1087,17.0,237.0,704.0,2704.0,29.0,40.0,24.0
813.0,1582.5,30,22.0,83.0,880,17.0,248.0,738.0,2320.5,25.0,42.0,19.0
814.0,2400.0,7,21.0,88.0,1064,17.0,252.0,748.0,3148.0,34.0,43.0,28.0
815.0,1662.5,2,20.0,78.0,1486,17.0,230.0,684.0,2346.5,26.0,39.0,20.0
816.0,2e3,15,19.0,80.0,994,17.0,228.0,679.0,2679.0,29.0,39.0,24.0
817.0,1555.0,142,23.0,80.0,2748,17.0,248.0,738.0,2293.0,25.0,42.0,18.0
818.0,2100.0,3,21.0,77.0,1554,17.0,233.0,694.0,2794.0,30.0,40.0,25.0
819.0,1895.0,26,25.0,60.0,1133,17.0,225.0,669.0,2564.0,28.0,38.0,22.0
820.0,1735.0,177,30.0,93.0,4787,17.0,305.0,907.0,2642.0,29.0,52.0,20.0
821.0,1690.0,258,27.0,97.0,1783,17.0,297.0,882.0,2572.0,28.0,50.0,20.0
822.0,2350.0,7,26.0,102.0,826,17.0,300.0,892.0,3242.0,35.0,51.0,28.0
823.0,1600.0,53,22.0,72.0,2366,17.0,230.0,684.0,2284.0,25.0,39.0,19.0
824.0,1750.0,31,22.0,62.0,1861,17.0,213.0,634.0,2384.0,26.0,36.0,21.0
825.0,1435.0,17,19.0,65.0,2087,17.0,203.0,605.0,2040.0,22.0,34.0,17.0
826.0,1595.0,100,21.0,79.0,1702,17.0,237.0,704.0,2299.0,25.0,40.0,19.0
827.0,1771.0,28,20.0,75.0,1270,17.0,225.0,669.0,2440.0,27.0,38.0,21.0
828.0,1995.0,82,18.0,56.0,2158,17.0,183.0,545.0,2540.0,28.0,31.0,23.0
829.0,2079.0,51,16.0,56.0,1112,17.0,173.0,515.0,2594.0,28.0,29.0,24.0
830.0,1442.5,16,19.0,75.0,2066,17.0,220.0,654.0,2096.5,23.0,37.0,17.0
831.0,1462.5,8,9.0,36.0,587,17.0,105.0,312.0,1774.5,19.0,18.0,17.0
832.0,2075.0,11,18.0,70.0,1610,17.0,207.0,614.0,2689.0,29.0,35.0,24.0
833.0,2200.0,3,20.0,78.0,1399,17.0,230.0,684.0,2884.0,31.0,39.0,26.0
834.0,1975.0,11,20.0,73.0,1602,17.0,222.0,659.0,2634.0,29.0,38.0,23.0
835.0,2175.0,74,18.0,61.0,1768,17.0,192.0,570.0,2745.0,30.0,32.0,26.0
836.0,1550.0,18,15.0,53.0,1475,17.0,163.0,486.0,2036.0,22.0,28.0,18.0
837.0,1412.5,52,15.0,48.0,3506,17.0,155.0,461.0,1873.5,20.0,26.0,17.0
838.0,1500.0,59,15.0,55.0,1232,17.0,167.0,496.0,1996.0,22.0,28.0,18.0
839.0,1850.0,106,17.0,53.0,1708,17.0,173.0,515.0,2365.0,26.0,29.0,22.0
840.0,1680.0,95,19.0,60.0,1913,17.0,195.0,580.0,2260.0,25.0,33.0,20.0
841.0,1500.0,58,22.0,63.0,1412,17.0,215.0,639.0,2139.0,23.0,36.0,18.0
842.0,2195.0,19,21.0,67.0,1119,17.0,217.0,644.0,2839.0,31.0,37.0,26.0
843.0,3400.0,7,26.0,83.0,1286,17.0,268.0,798.0,4198.0,46.0,45.0,40.0
844.0,3150.0,35,NA,NA,NA,NA,NA,NA,NA,NA,NA,37.0
845.0,2547.5,12,26.0,80.0,2296,17.0,263.0,783.0,3330.5,36.0,45.0,30.0
846.0,1595.0,52,24.0,67.0,1613,17.0,232.0,689.0,2284.0,25.0,39.0,19.0
847.0,1695.0,38,18.0,66.0,786,17.0,200.0,595.0,2290.0,25.0,34.0,20.0
848.0,1695.0,228,19.0,59.0,1595,17.0,193.0,575.0,2270.0,25.0,33.0,20.0
849.0,1800.0,22,21.0,68.0,1180,17.0,218.0,649.0,2449.0,27.0,37.0,21.0
850.0,2850.0,5,21.0,87.0,1234,17.0,250.0,743.0,3593.0,39.0,42.0,34.0
852.0,2575.0,16,20.0,77.0,1884,17.0,228.0,679.0,3254.0,35.0,39.0,30.0
853.0,1800.0,43,19.0,68.0,1783,17.0,208.0,619.0,2419.0,26.0,35.0,21.0
854.0,1675.0,156,18.0,56.0,2026,17.0,183.0,545.0,2220.0,24.0,31.0,20.0
855.0,1475.0,76,16.0,57.0,1501,17.0,175.0,520.0,1995.0,22.0,30.0,17.0
856.0,1400.0,54,18.0,51.0,2891,17.0,175.0,520.0,1920.0,21.0,30.0,16.0
857.0,1600.0,9,10.0,43.0,995,17.0,122.0,362.0,1962.0,21.0,21.0,19.0
858.0,1595.0,83,18.0,68.0,2354,17.0,203.0,605.0,2200.0,24.0,34.0,19.0
859.0,2137.5,4,19.0,79.0,1426,17.0,227.0,674.0,2811.5,31.0,38.0,25.0
860.0,2495.0,36,24.0,85.0,2220,17.0,262.0,778.0,3273.0,36.0,44.0,29.0
861.0,2200.0,10,20.0,78.0,2345,17.0,230.0,684.0,2884.0,31.0,39.0,26.0
862.0,1690.0,10,20.0,68.0,2320,17.0,213.0,634.0,2324.0,25.0,36.0,20.0
863.0,1895.0,27,19.0,53.0,1366,17.0,183.0,545.0,2440.0,27.0,31.0,22.0
864.0,1750.0,251,22.0,78.0,3025,17.0,240.0,714.0,2464.0,27.0,41.0,21.0
865.0,2100.0,16,18.0,67.0,1193,17.0,202.0,600.0,2700.0,29.0,34.0,25.0
866.0,1937.5,14,20.0,96.0,1178,17.0,260.0,773.0,2710.5,30.0,44.0,23.0
867.0,1775.0,78,16.0,53.0,718,17.0,168.0,501.0,2276.0,25.0,29.0,21.0
868.0,1800.0,22,18.0,66.0,1285,17.0,200.0,595.0,2395.0,26.0,34.0,21.0
869.0,1275.0,44,21.0,61.0,1316,17.0,207.0,614.0,1889.0,21.0,35.0,15.0
870.0,1324.5,12,21.0,58.0,1365,17.0,202.0,600.0,1924.5,21.0,34.0,16.0
871.0,1525.0,310,23.0,58.0,2572,17.0,212.0,629.0,2154.0,23.0,36.0,18.0
872.0,1325.0,18,21.0,52.0,3237,17.0,192.0,570.0,1895.0,21.0,32.0,16.0
873.0,1525.0,48,22.0,65.0,1903,17.0,218.0,649.0,2174.0,24.0,37.0,18.0
875.0,1650.0,10,18.0,61.0,989,18.0,192.0,570.0,2220.0,24.0,32.0,19.0
877.0,1535.0,12,20.0,71.0,887,18.0,218.0,649.0,2184.0,24.0,37.0,18.0
878.0,1700.0,71,22.0,72.0,1989,18.0,230.0,684.0,2384.0,26.0,39.0,20.0
879.0,1700.0,22,19.0,71.0,1432,18.0,213.0,634.0,2334.0,25.0,36.0,20.0
880.0,1500.0,18,16.0,69.0,1323,18.0,195.0,580.0,2080.0,23.0,33.0,18.0
881.0,1375.0,50,16.0,66.0,1122,18.0,190.0,565.0,1940.0,21.0,32.0,16.0
882.0,1700.0,28,16.0,63.0,976,18.0,185.0,550.0,2250.0,25.0,31.0,20.0
883.0,2922.5,4,19.0,86.0,758,18.0,238.0,709.0,3631.5,40.0,40.0,34.0
884.0,2535.0,19,22.0,108.0,1218,18.0,290.0,862.0,3397.0,37.0,49.0,30.0
885.0,2399.0,57,23.0,86.0,2110,18.0,258.0,768.0,3167.0,35.0,44.0,28.0
886.0,2400.0,196,21.0,76.0,1626,18.0,232.0,689.0,3089.0,34.0,39.0,28.0
887.0,1200.0,14,19.0,67.0,835,18.0,207.0,614.0,1814.0,20.0,35.0,14.0
888.0,1395.0,57,19.0,71.0,1452,18.0,213.0,634.0,2029.0,22.0,36.0,16.0
889.0,1600.0,41,17.0,56.0,1074,18.0,178.0,530.0,2130.0,23.0,30.0,19.0
890.0,1200.0,135,19.0,62.0,1491,18.0,198.0,590.0,1790.0,20.0,34.0,14.0
891.0,1e3,17,19.0,65.0,1759,18.0,203.0,605.0,1605.0,18.0,34.0,12.0
892.0,1450.0,23,21.0,68.0,1304,18.0,218.0,649.0,2099.0,23.0,37.0,17.0
893.0,1e3,51,21.0,62.0,1017,18.0,208.0,619.0,1619.0,18.0,35.0,12.0
894.0,850.0,6,20.0,56.0,1493,18.0,193.0,575.0,1425.0,16.0,33.0,10.0
895.0,1795.0,31,19.0,49.0,2255,18.0,177.0,525.0,2320.0,25.0,30.0,21.0
896.0,1850.0,23,17.0,49.0,774,18.0,167.0,496.0,2346.0,26.0,28.0,22.0
897.0,1800.0,21,18.0,49.0,1021,18.0,172.0,510.0,2310.0,25.0,29.0,21.0
898.0,1200.0,49,16.0,49.0,1268,18.0,162.0,481.0,1681.0,18.0,27.0,14.0
899.0,1275.0,114,17.0,58.0,2671,18.0,182.0,540.0,1815.0,20.0,31.0,15.0
900.0,1800.0,65,19.0,63.0,2030,18.0,200.0,595.0,2395.0,26.0,34.0,21.0
901.0,1500.0,37,18.0,56.0,1298,18.0,183.0,545.0,2045.0,22.0,31.0,18.0
902.0,3100.0,6,15.0,51.0,752,18.0,160.0,476.0,3576.0,39.0,27.0,36.0
903.0,1950.0,19,19.0,61.0,1477,18.0,197.0,585.0,2535.0,28.0,33.0,23.0
904.0,1400.0,61,17.0,57.0,2167,18.0,180.0,535.0,1935.0,21.0,31.0,16.0
905.0,1400.0,63,18.0,53.0,2875,18.0,178.0,530.0,1930.0,21.0,30.0,16.0
906.0,1595.0,57,17.0,56.0,2245,18.0,178.0,530.0,2125.0,23.0,30.0,19.0
907.0,1850.0,49,18.0,55.0,910,18.0,182.0,540.0,2390.0,26.0,31.0,22.0
908.0,1795.0,37,19.0,59.0,1360,18.0,193.0,575.0,2370.0,26.0,33.0,21.0
909.0,1950.0,35,18.0,50.0,1208,18.0,173.0,515.0,2465.0,27.0,29.0,23.0
910.0,2125.0,90,20.0,62.0,1988,18.0,203.0,605.0,2730.0,30.0,34.0,25.0
911.0,4200.0,24,19.0,63.0,732,18.0,200.0,595.0,4795.0,52.0,34.0,49.0
912.0,2500.0,43,24.0,102.0,1593,18.0,290.0,862.0,3362.0,37.0,49.0,29.0
913.0,5400.0,66,24.0,77.0,2148,18.0,248.0,738.0,6138.0,67.0,42.0,64.0
914.0,2995.0,170,23.0,77.0,1997,18.0,243.0,724.0,3719.0,41.0,41.0,35.0
915.0,3e3,32,22.0,58.0,1080,18.0,207.0,614.0,3614.0,39.0,35.0,35.0
916.0,4100.0,30,26.0,78.0,1069,18.0,260.0,773.0,4873.0,53.0,44.0,48.0
917.0,4500.0,46,19.0,51.0,1558,18.0,180.0,535.0,5035.0,55.0,31.0,53.0
918.0,5095.0,43,21.0,60.0,1790,18.0,205.0,610.0,5705.0,62.0,35.0,60.0
919.0,3525.0,6,19.0,54.0,479,18.0,185.0,550.0,4075.0,44.0,31.0,41.0
920.0,2790.0,24,19.0,58.0,549,18.0,192.0,570.0,3360.0,37.0,32.0,33.0
921.0,1450.0,14,16.0,37.0,875,18.0,142.0,421.0,1871.0,20.0,24.0,17.0
922.0,2450.0,73,17.0,42.0,1559,18.0,155.0,461.0,2911.0,32.0,26.0,29.0
923.0,1375.0,65,17.0,45.0,2942,18.0,160.0,476.0,1851.0,20.0,27.0,16.0
924.0,1400.0,43,17.0,48.0,1847,18.0,165.0,491.0,1891.0,21.0,28.0,16.0
925.0,975.0,25,19.0,46.0,2111,18.0,172.0,510.0,1485.0,16.0,29.0,11.0
926.0,2450.0,30,16.0,38.0,1306,18.0,143.0,426.0,2876.0,31.0,24.0,29.0
927.0,1350.0,18,15.0,41.0,1290,18.0,143.0,426.0,1776.0,19.0,24.0,16.0
928.0,950.0,148,13.0,36.0,1286,18.0,125.0,372.0,1322.0,14.0,21.0,11.0
929.0,1348.0,36,12.0,31.0,1019,18.0,112.0,332.0,1680.0,18.0,19.0,16.0
930.0,2075.0,14,9.0,29.0,534,18.0,93.0,278.0,2353.0,26.0,16.0,24.0
931.0,1400.0,85,12.0,29.0,988,18.0,108.0,322.0,1722.0,19.0,18.0,16.0
932.0,1348.0,16,11.0,26.0,1581,18.0,98.0,292.0,1640.0,18.0,17.0,16.0
933.0,1400.0,81,14.0,33.0,2282,18.0,125.0,372.0,1772.0,19.0,21.0,16.0
934.0,1397.5,162,16.0,37.0,2623,18.0,142.0,421.0,1818.5,20.0,24.0,16.0
935.0,1350.0,110,15.0,33.0,1335,18.0,130.0,387.0,1737.0,19.0,22.0,16.0
936.0,1945.0,22,14.0,32.0,1222,18.0,123.0,367.0,2312.0,25.0,21.0,23.0
937.0,2275.0,49,16.0,43.0,1192,18.0,152.0,451.0,2726.0,30.0,26.0,27.0
938.0,3e3,25,20.0,50.0,1377,18.0,183.0,545.0,3545.0,39.0,31.0,35.0
939.0,2e3,100,18.0,44.0,1381,18.0,163.0,486.0,2486.0,27.0,28.0,24.0
940.0,1950.0,81,18.0,46.0,1465,18.0,167.0,496.0,2446.0,27.0,28.0,23.0
941.0,1695.0,130,17.0,46.0,1887,18.0,162.0,481.0,2176.0,24.0,27.0,20.0
942.0,1795.0,107,17.0,43.0,1576,18.0,157.0,466.0,2261.0,25.0,27.0,21.0
943.0,1750.0,114,17.0,46.0,1824,18.0,162.0,481.0,2231.0,24.0,27.0,21.0
944.0,1590.0,83,19.0,38.0,2019,18.0,158.0,471.0,2061.0,22.0,27.0,19.0
945.0,1995.0,149,20.0,39.0,1481,18.0,165.0,491.0,2486.0,27.0,28.0,23.0
946.0,2840.0,77,16.0,37.0,1165,18.0,142.0,421.0,3261.0,36.0,24.0,33.0
947.0,2200.0,34,15.0,35.0,1354,18.0,133.0,396.0,2596.0,28.0,23.0,26.0
948.0,1750.0,13,22.0,66.0,1354,18.0,220.0,654.0,2404.0,26.0,37.0,21.0
949.0,3600.0,20,20.0,54.0,1042,18.0,190.0,565.0,4165.0,45.0,32.0,42.0
950.0,2e3,19,22.0,67.0,1439,18.0,222.0,659.0,2659.0,29.0,38.0,24.0
951.0,2032.0,53,26.0,71.0,2161,18.0,248.0,738.0,2770.0,30.0,42.0,24.0
952.0,2700.0,7,28.0,84.0,2138,18.0,280.0,833.0,3533.0,39.0,47.0,32.0
953.0,3500.0,10,29.0,81.0,2415,18.0,280.0,833.0,4333.0,47.0,47.0,41.0
954.0,1795.0,65,25.0,73.0,1353,18.0,247.0,733.0,2528.0,28.0,42.0,21.0
955.0,1895.0,31,21.0,62.0,926,18.0,208.0,619.0,2514.0,27.0,35.0,22.0
956.0,1795.0,73,24.0,65.0,1571,18.0,228.0,679.0,2474.0,27.0,39.0,21.0
957.0,2350.0,57,26.0,69.0,1016,18.0,245.0,728.0,3078.0,34.0,42.0,28.0
958.0,2012.5,44,27.0,70.0,1055,18.0,252.0,748.0,2760.5,30.0,43.0,24.0
959.0,2e3,150,23.0,65.0,1884,18.0,223.0,664.0,2664.0,29.0,38.0,24.0
960.0,1947.5,18,22.0,64.0,2006,18.0,217.0,644.0,2591.5,28.0,37.0,23.0
961.0,7200.0,25,21.0,61.0,1431,18.0,207.0,614.0,7814.0,85.0,35.0,85.0
962.0,1725.0,95,23.0,58.0,1739,18.0,212.0,629.0,2354.0,26.0,36.0,20.0
963.0,1625.0,65,25.0,71.0,1916,18.0,243.0,724.0,2349.0,26.0,41.0,19.0
965.0,2537.5,8,18.0,34.0,290,18.0,147.0,436.0,2973.5,32.0,25.0,30.0
966.0,2700.0,1,NA,NA,NA,NA,NA,NA,NA,NA,NA,32.0
967.0,2842.5,38,15.0,31.0,158,18.0,127.0,377.0,3219.5,35.0,21.0,33.0
968.0,2400.0,33,16.0,27.0,1066,18.0,125.0,372.0,2772.0,30.0,21.0,28.0
969.0,2473.5,38,14.0,27.0,579,18.0,115.0,342.0,2815.5,31.0,19.0,29.0
970.0,2375.0,170,13.0,31.0,750,18.0,117.0,347.0,2722.0,30.0,20.0,28.0
971.0,2437.5,90,16.0,33.0,701,18.0,135.0,401.0,2838.5,31.0,23.0,29.0
972.0,2450.0,297,18.0,45.0,3085,18.0,165.0,491.0,2941.0,32.0,28.0,29.0
973.0,2100.0,83,16.0,42.0,1342,18.0,150.0,446.0,2546.0,28.0,25.0,25.0
974.0,1595.0,176,20.0,47.0,2497,18.0,178.0,530.0,2125.0,23.0,30.0,19.0
975.0,1975.0,54,17.0,40.0,1098,18.0,152.0,451.0,2426.0,26.0,26.0,23.0
976.0,1600.0,153,17.0,41.0,1757,18.0,153.0,456.0,2056.0,22.0,26.0,19.0
977.0,1900.0,60,15.0,37.0,2377,18.0,137.0,406.0,2306.0,25.0,23.0,22.0
978.0,1657.5,62,14.0,52.0,1602,18.0,157.0,466.0,2123.5,23.0,27.0,20.0
979.0,1450.0,75,14.0,51.0,1079,18.0,155.0,461.0,1911.0,21.0,26.0,17.0
980.0,1500.0,31,12.0,37.0,671,18.0,122.0,362.0,1862.0,20.0,21.0,18.0
981.0,1275.0,13,14.0,30.0,263,18.0,120.0,357.0,1632.0,18.0,20.0,15.0
982.0,2075.0,42,16.0,39.0,620,18.0,145.0,431.0,2506.0,27.0,25.0,24.0
983.0,1900.0,17,16.0,42.0,769,18.0,150.0,446.0,2346.0,26.0,25.0,22.0
984.0,2175.0,2,16.0,41.0,127,18.0,148.0,441.0,2616.0,29.0,25.0,26.0
985.0,1900.0,8,16.0,37.0,612,18.0,142.0,421.0,2321.0,25.0,24.0,22.0
986.0,1950.0,19,17.0,35.0,572,18.0,143.0,426.0,2376.0,26.0,24.0,23.0
987.0,1950.0,17,19.0,45.0,492,18.0,170.0,505.0,2455.0,27.0,29.0,23.0
988.0,2295.0,105,18.0,52.0,971,18.0,177.0,525.0,2820.0,31.0,30.0,27.0
989.0,1600.0,44,16.0,39.0,751,18.0,145.0,431.0,2031.0,22.0,25.0,19.0
990.0,1600.0,36,16.0,48.0,822,18.0,160.0,476.0,2076.0,23.0,27.0,19.0
991.0,2547.0,971,20.0,50.0,3831,19.0,183.0,545.0,3092.0,34.0,31.0,30.0
992.0,1800.0,41,15.0,46.0,696,19.0,152.0,451.0,2251.0,25.0,26.0,21.0
993.0,1800.0,60,17.0,49.0,1187,19.0,167.0,496.0,2296.0,25.0,28.0,21.0
994.0,2072.5,22,13.0,42.0,642,19.0,135.0,401.0,2473.5,27.0,23.0,24.0
995.0,2100.0,75,15.0,36.0,1488,19.0,135.0,401.0,2501.0,27.0,23.0,25.0
996.0,2250.0,65,15.0,46.0,1531,19.0,152.0,451.0,2701.0,29.0,26.0,26.0
997.0,1750.0,19,14.0,38.0,569,19.0,133.0,396.0,2146.0,23.0,23.0,21.0
998.0,1850.0,92,20.0,47.0,2213,19.0,178.0,530.0,2380.0,26.0,30.0,22.0
999.0,3500.0,24,17.0,42.0,654,19.0,155.0,461.0,3961.0,43.0,26.0,41.0
1e3,2147.0,76,18.0,50.0,1418,19.0,173.0,515.0,2662.0,29.0,29.0,25.0
1001.0,2147.5,110,16.0,40.0,1300,19.0,147.0,436.0,2583.5,28.0,25.0,25.0
1002.0,1899.0,100,15.0,33.0,808,19.0,130.0,387.0,2286.0,25.0,22.0,22.0
1003.0,2795.0,41,15.0,40.0,526,19.0,142.0,421.0,3216.0,35.0,24.0,33.0
1004.0,2150.0,43,19.0,50.0,988,19.0,178.0,530.0,2680.0,29.0,30.0,25.0
1005.0,4500.0,77,23.0,91.0,910,19.0,267.0,793.0,5293.0,58.0,45.0,53.0
1006.0,1695.0,64,14.0,41.0,1183,19.0,138.0,411.0,2106.0,23.0,23.0,20.0
1007.0,1800.0,92,14.0,34.0,1981,19.0,127.0,377.0,2177.0,24.0,21.0,21.0
1008.0,1695.0,359,10.0,26.0,2928,19.0,93.0,278.0,1973.0,22.0,16.0,20.0
1009.0,2295.0,430,14.0,34.0,2284,19.0,127.0,377.0,2672.0,29.0,21.0,27.0
1010.0,2315.0,127,16.0,45.0,1038,19.0,155.0,461.0,2776.0,30.0,26.0,27.0
1011.0,2150.0,73,16.0,32.0,1045,19.0,133.0,396.0,2546.0,28.0,23.0,25.0
1012.0,1700.0,96,15.0,30.0,1698,19.0,125.0,372.0,2072.0,23.0,21.0,20.0
1013.0,1275.0,29,14.0,38.0,1285,19.0,133.0,396.0,1671.0,18.0,23.0,15.0
1014.0,2610.0,126,14.0,38.0,732,19.0,133.0,396.0,3006.0,33.0,23.0,31.0
1015.0,2100.0,62,15.0,43.0,1034,19.0,147.0,436.0,2536.0,28.0,25.0,25.0
1016.0,1700.0,197,17.0,39.0,1391,19.0,150.0,446.0,2146.0,23.0,25.0,20.0
1017.0,2299.0,264,17.0,32.0,1703,19.0,138.0,411.0,2710.0,30.0,23.0,27.0
1018.0,2730.0,217,11.0,21.0,1758,19.0,90.0,268.0,2998.0,33.0,15.0,32.0
1019.0,1895.0,18,9.0,26.0,521,19.0,88.0,263.0,2158.0,24.0,15.0,22.0
1020.0,2300.0,339,17.0,36.0,2099,19.0,145.0,431.0,2731.0,30.0,25.0,27.0
1021.0,2495.0,211,17.0,39.0,1723,19.0,150.0,446.0,2941.0,32.0,25.0,29.0
1022.0,1950.0,63,18.0,36.0,1288,19.0,150.0,446.0,2396.0,26.0,25.0,23.0
1023.0,1600.0,175,17.0,40.0,1250,19.0,152.0,451.0,2051.0,22.0,26.0,19.0
1024.0,2500.0,162,18.0,46.0,974,19.0,167.0,496.0,2996.0,33.0,28.0,29.0
1025.0,1900.0,39,20.0,46.0,1268,19.0,177.0,525.0,2425.0,26.0,30.0,22.0
1026.0,1600.0,9,19.0,42.0,703,19.0,165.0,491.0,2091.0,23.0,28.0,19.0
1027.0,2500.0,77,20.0,46.0,1061,19.0,177.0,525.0,3025.0,33.0,30.0,29.0
1028.0,3e3,74,23.0,52.0,1221,19.0,202.0,600.0,3600.0,39.0,34.0,35.0
1029.0,2800.0,77,27.0,57.0,1355,19.0,230.0,684.0,3484.0,38.0,39.0,33.0
1030.0,3725.0,24,24.0,50.0,961,19.0,203.0,605.0,4330.0,47.0,34.0,44.0
1031.0,2500.0,100,25.0,66.0,1161,19.0,235.0,699.0,3199.0,35.0,40.0,29.0
1032.0,1595.0,29,19.0,49.0,526,19.0,177.0,525.0,2120.0,23.0,30.0,19.0
1033.0,3737.5,28,23.0,54.0,1306,19.0,205.0,610.0,4347.5,47.0,35.0,44.0
1034.0,3750.0,26,22.0,61.0,1183,19.0,212.0,629.0,4379.0,48.0,36.0,44.0
1035.0,1250.0,19,24.0,56.0,804,19.0,213.0,634.0,1884.0,21.0,36.0,15.0
1036.0,1699.0,47,23.0,50.0,990,19.0,198.0,590.0,2289.0,25.0,34.0,20.0
1037.0,1799.0,63,20.0,53.0,703,19.0,188.0,560.0,2359.0,26.0,32.0,21.0
1038.0,1800.0,1,17.0,43.0,1118,19.0,157.0,466.0,2266.0,25.0,27.0,21.0
1039.0,2200.0,96,24.0,62.0,1674,19.0,223.0,664.0,2864.0,31.0,38.0,26.0
1040.0,1575.0,16,23.0,49.0,449,20.0,197.0,585.0,2160.0,24.0,33.0,19.0
1041.0,1695.0,20,26.0,40.0,583,20.0,197.0,585.0,2280.0,25.0,33.0,20.0
1042.0,2950.0,14,25.0,53.0,508,20.0,213.0,634.0,3584.0,39.0,36.0,35.0
1043.0,1825.0,34,28.0,68.0,789,20.0,253.0,753.0,2578.0,28.0,43.0,21.0
1044.0,3900.0,21,27.0,65.0,741,20.0,243.0,724.0,4624.0,50.0,41.0,46.0
1045.0,3400.0,10,24.0,77.0,726,20.0,248.0,738.0,4138.0,45.0,42.0,40.0
1046.0,3e3,66,29.0,70.0,647,20.0,262.0,778.0,3778.0,41.0,44.0,35.0
1047.0,2e3,119,22.0,69.0,805,20.0,225.0,669.0,2669.0,29.0,38.0,24.0
1048.0,1795.0,41,24.0,56.0,861,20.0,213.0,634.0,2429.0,26.0,36.0,21.0
1049.0,1800.0,65,22.0,69.0,1829,20.0,225.0,669.0,2469.0,27.0,38.0,21.0
1050.0,1410.0,37,20.0,72.0,2565,20.0,220.0,654.0,2064.0,23.0,37.0,17.0
1051.0,1780.0,54,23.0,56.0,1151,20.0,208.0,619.0,2399.0,26.0,35.0,21.0
1052.0,2400.0,9,24.0,56.0,380,20.0,213.0,634.0,3034.0,33.0,36.0,28.0
1053.0,2450.0,23,23.0,66.0,1289,20.0,225.0,669.0,3119.0,34.0,38.0,29.0
1054.0,2050.0,21,19.0,67.0,1056,20.0,207.0,614.0,2664.0,29.0,35.0,24.0
1055.0,1449.0,28,19.0,65.0,1978,20.0,203.0,605.0,2054.0,22.0,34.0,17.0
1056.0,1295.0,12,21.0,57.0,1506,20.0,200.0,595.0,1890.0,21.0,34.0,15.0
1057.0,1500.0,27,21.0,51.0,1602,20.0,190.0,565.0,2065.0,23.0,32.0,18.0
1058.0,1300.0,72,20.0,70.0,1983,20.0,217.0,644.0,1944.0,21.0,37.0,15.0
1059.0,2800.0,175,25.0,73.0,2486,20.0,247.0,733.0,3533.0,39.0,42.0,33.0
1060.0,1300.0,79,21.0,66.0,2111,20.0,215.0,639.0,1939.0,21.0,36.0,15.0
1061.0,1e3,122,25.0,67.0,2392,20.0,237.0,704.0,1704.0,19.0,40.0,12.0
1062.0,1700.0,70,27.0,75.0,1212,20.0,260.0,773.0,2473.0,27.0,44.0,20.0
1063.0,1400.0,96,22.0,62.0,2163,20.0,213.0,634.0,2034.0,22.0,36.0,16.0
1064.0,1025.0,19,21.0,55.0,1581,20.0,197.0,585.0,1610.0,18.0,33.0,12.0
1065.0,1500.0,13,21.0,57.0,2792,20.0,200.0,595.0,2095.0,23.0,34.0,18.0
1066.0,1100.0,112,19.0,54.0,2143,20.0,185.0,550.0,1650.0,18.0,31.0,13.0
1067.0,1300.0,25,21.0,63.0,2824,20.0,210.0,624.0,1924.0,21.0,36.0,15.0
1068.0,1250.0,43,21.0,66.0,1926,20.0,215.0,639.0,1889.0,21.0,36.0,15.0
1069.0,1813.0,251,18.0,70.0,3142,20.0,207.0,614.0,2427.0,26.0,35.0,21.0
1070.0,1700.0,4,22.0,67.0,1546,20.0,222.0,659.0,2359.0,26.0,38.0,20.0
1071.0,1300.0,25,22.0,63.0,2229,20.0,215.0,639.0,1939.0,21.0,36.0,15.0
1072.0,1112.5,20,18.0,46.0,1825,20.0,167.0,496.0,1608.5,18.0,28.0,13.0
1073.0,1466.0,147,21.0,67.0,1793,20.0,217.0,644.0,2110.0,23.0,37.0,17.0
1074.0,1495.0,41,18.0,63.0,2499,20.0,195.0,580.0,2075.0,23.0,33.0,18.0
1075.0,1250.0,11,19.0,68.0,926,20.0,208.0,619.0,1869.0,20.0,35.0,15.0
1076.0,1850.0,25,22.0,79.0,873,20.0,242.0,719.0,2569.0,28.0,41.0,22.0
1077.0,1050.0,55,23.0,90.0,1518,20.0,265.0,788.0,1838.0,20.0,45.0,12.0
1078.0,1650.0,86,21.0,77.0,1572,20.0,233.0,694.0,2344.0,26.0,40.0,19.0
1079.0,2400.0,43,25.0,85.0,3352,20.0,267.0,793.0,3193.0,35.0,45.0,28.0
1080.0,1400.0,53,25.0,66.0,1941,20.0,235.0,699.0,2099.0,23.0,40.0,16.0
1081.0,1800.0,5,24.0,68.0,1611,20.0,233.0,694.0,2494.0,27.0,40.0,21.0
1082.0,1659.0,35,23.0,71.0,1782,20.0,233.0,694.0,2353.0,26.0,40.0,20.0
1083.0,1750.0,72,22.0,84.0,5029,20.0,250.0,743.0,2493.0,27.0,42.0,21.0
1084.0,1900.0,5,27.0,106.0,2188,20.0,312.0,927.0,2827.0,31.0,53.0,22.0
1085.0,2700.0,15,27.0,119.0,1625,20.0,333.0,991.0,3691.0,40.0,56.0,32.0
1086.0,2075.0,76,25.0,107.0,2522,20.0,303.0,902.0,2977.0,32.0,51.0,24.0
1087.0,1695.5,262,29.0,120.0,2202,20.0,345.0,1026.0,2721.5,30.0,58.0,20.0
1088.0,965.0,8,24.0,121.0,1303,20.0,322.0,956.0,1921.0,21.0,55.0,11.0
1089.0,1200.0,57,24.0,111.0,1814,20.0,305.0,907.0,2107.0,23.0,52.0,14.0
1090.0,1200.0,31,27.0,122.0,957,20.0,338.0,1006.0,2206.0,24.0,57.0,14.0
1091.0,1525.0,98,21.0,88.0,1088,21.0,252.0,748.0,2273.0,25.0,43.0,18.0
1092.0,1172.5,16,16.0,75.0,227,21.0,205.0,610.0,1782.5,19.0,35.0,14.0
1093.0,1447.5,10,20.0,110.0,657,21.0,283.0,842.0,2289.5,25.0,48.0,17.0
1094.0,1691.0,116,20.0,81.0,2724,21.0,235.0,699.0,2390.0,26.0,40.0,20.0
1095.0,1600.0,18,16.0,84.0,1189,21.0,220.0,654.0,2254.0,25.0,37.0,19.0
1096.0,1546.0,309,19.0,90.0,3159,21.0,245.0,728.0,2274.0,25.0,42.0,18.0
1097.0,1595.0,13,21.0,83.0,1216,21.0,243.0,724.0,2319.0,25.0,41.0,19.0
1098.0,1760.0,114,22.0,69.0,2596,21.0,225.0,669.0,2429.0,26.0,38.0,21.0
1099.0,1525.0,41,26.0,77.0,2597,21.0,258.0,768.0,2293.0,25.0,44.0,18.0
1100.0,2495.0,30,32.0,109.0,2678,21.0,342.0,1016.0,3511.0,38.0,58.0,29.0
1101.0,2950.0,12,35.0,118.0,1365,21.0,372.0,1105.0,4055.0,44.0,63.0,35.0
1102.0,2975.0,12,NA,NA,NA,NA,NA,NA,NA,NA,NA,35.0
1103.0,2500.0,31,28.0,99.0,2658,21.0,305.0,907.0,3407.0,37.0,52.0,29.0
1104.0,2825.0,12,26.0,106.0,1390,21.0,307.0,912.0,3737.0,41.0,52.0,33.0
1105.0,1975.0,12,19.0,72.0,386,21.0,215.0,639.0,2614.0,29.0,36.0,23.0
1106.0,1695.0,219,28.0,82.0,2757,21.0,277.0,823.0,2518.0,27.0,47.0,20.0
1107.0,1550.0,66,24.0,91.0,1348,21.0,272.0,808.0,2358.0,26.0,46.0,18.0
1108.0,2e3,9,26.0,97.0,2038,21.0,292.0,867.0,2867.0,31.0,49.0,24.0
1109.0,1550.0,54,23.0,80.0,2687,21.0,248.0,738.0,2288.0,25.0,42.0,18.0
1110.0,1375.0,95,18.0,55.0,2340,21.0,182.0,540.0,1915.0,21.0,31.0,16.0
1111.0,1950.0,41,18.0,53.0,1863,21.0,178.0,530.0,2480.0,27.0,30.0,23.0
1112.0,1350.0,136,16.0,53.0,2292,21.0,168.0,501.0,1851.0,20.0,29.0,16.0
1113.0,2224.0,271,10.0,31.0,557,21.0,102.0,302.0,2526.0,28.0,17.0,26.0
1114.0,1195.0,252,13.0,38.0,3053,21.0,128.0,382.0,1577.0,17.0,22.0,14.0
1115.0,1299.0,35,13.0,37.0,1709,21.0,127.0,377.0,1676.0,18.0,21.0,15.0
1116.0,1847.5,34,18.0,49.0,1204,21.0,172.0,510.0,2357.5,26.0,29.0,22.0
1117.0,2800.0,14,23.0,92.0,1099,21.0,268.0,798.0,3598.0,39.0,45.0,33.0
1118.0,1725.0,83,20.0,67.0,2415,21.0,212.0,629.0,2354.0,26.0,36.0,20.0
1119.0,1412.5,56,18.0,68.0,3028,21.0,203.0,605.0,2017.5,22.0,34.0,17.0
1120.0,1250.0,49,15.0,53.0,3273,21.0,163.0,486.0,1736.0,19.0,28.0,15.0
1121.0,1907.5,422,18.0,68.0,3552,21.0,203.0,605.0,2512.5,27.0,34.0,22.0
1122.0,1600.0,81,17.0,72.0,2208,21.0,205.0,610.0,2210.0,24.0,35.0,19.0
1123.0,1713.0,489,16.0,57.0,1896,21.0,175.0,520.0,2233.0,24.0,30.0,20.0
1124.0,1495.0,49,19.0,104.0,2116,21.0,268.0,798.0,2293.0,25.0,45.0,18.0
1125.0,1580.0,72,19.0,93.0,1539,21.0,250.0,743.0,2323.0,25.0,42.0,19.0
1126.0,2300.0,38,21.0,89.0,2341,21.0,253.0,753.0,3053.0,33.0,43.0,27.0
1127.0,1628.0,85,17.0,59.0,2182,21.0,183.0,545.0,2173.0,24.0,31.0,19.0
1128.0,1900.0,91,17.0,75.0,1562,21.0,210.0,624.0,2524.0,28.0,36.0,22.0
1129.0,1495.0,59,18.0,71.0,1969,21.0,208.0,619.0,2114.0,23.0,35.0,18.0
1130.0,1575.0,8,17.0,75.0,1135,21.0,210.0,624.0,2199.0,24.0,36.0,19.0
1131.0,1795.0,28,NA,NA,NA,NA,NA,NA,NA,NA,NA,21.0
1132.0,1795.0,61,20.0,53.0,1440,22.0,188.0,560.0,2355.0,26.0,32.0,21.0
1133.0,1850.0,50,10.0,57.0,1081,22.0,145.0,431.0,2281.0,25.0,25.0,22.0
1134.0,1800.0,185,17.0,67.0,1943,22.0,197.0,585.0,2385.0,26.0,33.0,21.0
1135.0,2125.0,257,20.0,68.0,1957,22.0,213.0,634.0,2759.0,30.0,36.0,25.0
1136.0,1821.5,116,17.0,47.0,1733,22.0,163.0,486.0,2307.5,25.0,28.0,21.0
1137.0,1650.0,84,23.0,67.0,1191,22.0,227.0,674.0,2324.0,25.0,38.0,19.0
1138.0,2295.0,70,24.0,66.0,2114,22.0,230.0,684.0,2979.0,32.0,39.0,27.0
1139.0,3750.0,3,27.0,133.0,1240,22.0,357.0,1061.0,4811.0,52.0,60.0,44.0
1140.0,3e3,55,21.0,76.0,890,22.0,232.0,689.0,3689.0,40.0,39.0,35.0
1141.0,1550.0,27,23.0,80.0,1865,22.0,248.0,738.0,2288.0,25.0,42.0,18.0
1142.0,1700.0,37,19.0,94.0,1257,22.0,252.0,748.0,2448.0,27.0,43.0,20.0
1143.0,1750.0,54,20.0,70.0,1292,22.0,217.0,644.0,2394.0,26.0,37.0,21.0
1144.0,1645.0,419,19.0,65.0,1816,22.0,203.0,605.0,2250.0,25.0,34.0,19.0
1145.0,2035.0,597,17.0,55.0,2245,22.0,177.0,525.0,2560.0,28.0,30.0,24.0
1146.0,1695.0,296,18.0,65.0,1069,22.0,198.0,590.0,2285.0,25.0,34.0,20.0
1147.0,2775.0,30,22.0,88.0,1606,22.0,257.0,763.0,3538.0,39.0,44.0,33.0
1148.0,2200.0,61,19.0,85.0,455,22.0,237.0,704.0,2904.0,32.0,40.0,26.0
1149.0,1747.5,136,16.0,56.0,1710,22.0,173.0,515.0,2262.5,25.0,29.0,21.0
1150.0,2375.0,131,20.0,69.0,1520,22.0,215.0,639.0,3014.0,33.0,36.0,28.0
1151.0,3695.0,23,34.0,149.0,1103,22.0,418.0,1244.0,4939.0,54.0,71.0,43.0
1152.0,2175.0,130,24.0,64.0,1955,22.0,227.0,674.0,2849.0,31.0,38.0,26.0
1153.0,2e3,44,23.0,68.0,1297,22.0,228.0,679.0,2679.0,29.0,39.0,24.0
1154.0,3200.0,17,NA,NA,NA,NA,NA,NA,NA,NA,NA,38.0
1155.0,4200.0,15,21.0,74.0,571,22.0,228.0,679.0,4879.0,53.0,39.0,49.0
1156.0,3600.0,73,23.0,70.0,1181,22.0,232.0,689.0,4289.0,47.0,39.0,42.0
1157.0,4800.0,12,29.0,96.0,630,22.0,305.0,907.0,5707.0,62.0,52.0,56.0
1158.0,2295.0,163,29.0,97.0,1850,22.0,307.0,912.0,3207.0,35.0,52.0,27.0
1159.0,2450.0,47,27.0,95.0,1003,22.0,293.0,872.0,3322.0,36.0,50.0,29.0
1160.0,3500.0,15,29.0,103.0,1683,22.0,317.0,942.0,4442.0,48.0,54.0,41.0
1161.0,2200.0,52,21.0,103.0,3604,23.0,277.0,823.0,3023.0,33.0,47.0,26.0
1162.0,1950.0,8,19.0,72.0,343,23.0,215.0,639.0,2589.0,28.0,36.0,23.0
1163.0,5795.0,16,21.0,98.0,1113,23.0,268.0,798.0,6593.0,72.0,45.0,68.0
1164.0,6200.0,33,26.0,128.0,1844,23.0,343.0,1021.0,7221.0,79.0,58.0,73.0
1165.0,3500.0,21,NA,NA,NA,NA,NA,NA,NA,NA,NA,41.0
1166.0,3575.0,10,23.0,125.0,3706,23.0,323.0,961.0,4536.0,49.0,55.0,42.0
1167.0,3e3,38,NA,NA,NA,NA,NA,NA,NA,NA,NA,35.0
1168.0,1950.0,143,20.0,66.0,2708,23.0,210.0,624.0,2574.0,28.0,36.0,23.0
1169.0,2175.0,66,24.0,111.0,2259,23.0,305.0,907.0,3082.0,34.0,52.0,26.0
1170.0,2173.0,160,22.0,97.0,2755,23.0,272.0,808.0,2981.0,33.0,46.0,26.0
1171.0,2382.0,35,21.0,85.0,3016,23.0,247.0,733.0,3115.0,34.0,42.0,28.0
1172.0,2e3,35,20.0,77.0,2094,23.0,228.0,679.0,2679.0,29.0,39.0,24.0
1173.0,3200.0,9,28.0,108.0,808,23.0,320.0,951.0,4151.0,45.0,54.0,38.0
1174.0,2200.0,9,20.0,82.0,1853,23.0,237.0,704.0,2904.0,32.0,40.0,26.0
1175.0,2150.0,575,20.0,71.0,4276,23.0,218.0,649.0,2799.0,31.0,37.0,25.0
1176.0,2218.0,677,19.0,65.0,10627,23.0,203.0,605.0,2823.0,31.0,34.0,26.0
1177.0,2295.0,143,32.0,134.0,4978,24.0,383.0,1140.0,3435.0,37.0,65.0,27.0
1178.0,1950.0,289,22.0,84.0,11173,24.0,250.0,743.0,2693.0,29.0,42.0,23.0
1179.0,1995.0,285,25.0,69.0,4915,24.0,240.0,714.0,2709.0,30.0,41.0,23.0
1180.0,2100.0,82,21.0,75.0,4685,24.0,230.0,684.0,2784.0,30.0,39.0,25.0
1181.0,1400.0,17,NA,NA,NA,NA,NA,NA,NA,NA,NA,16.0
1182.0,1475.0,53,22.0,91.0,4024,24.0,262.0,778.0,2253.0,25.0,44.0,17.0
1183.0,1995.0,42,19.0,85.0,1388,24.0,237.0,704.0,2699.0,29.0,40.0,23.0
1184.0,1837.5,50,18.0,75.0,1520,24.0,215.0,639.0,2476.5,27.0,36.0,22.0
1185.0,2100.0,60,18.0,57.0,4872,24.0,185.0,550.0,2650.0,29.0,31.0,25.0
1186.0,2e3,245,19.0,62.0,5656,24.0,198.0,590.0,2590.0,28.0,34.0,24.0
1187.0,1495.0,208,15.0,63.0,2712,24.0,180.0,535.0,2030.0,22.0,31.0,18.0
1188.0,1800.0,132,16.0,64.0,2941,24.0,187.0,555.0,2355.0,26.0,32.0,21.0
1189.0,1249.0,391,16.0,69.0,2613,24.0,195.0,580.0,1829.0,20.0,33.0,15.0
1190.0,995.0,43,15.0,54.0,1321,24.0,165.0,491.0,1486.0,16.0,28.0,12.0
1191.0,1350.0,86,14.0,52.0,1578,24.0,157.0,466.0,1816.0,20.0,27.0,16.0
1192.0,1645.0,48,19.0,88.0,1636,24.0,242.0,719.0,2364.0,26.0,41.0,19.0
1193.0,1270.0,569,17.0,78.0,2960,24.0,215.0,639.0,1909.0,21.0,36.0,15.0
1194.0,1585.0,10,15.0,72.0,2143,24.0,195.0,580.0,2165.0,24.0,33.0,19.0
1195.0,2100.0,112,21.0,89.0,5612,24.0,253.0,753.0,2853.0,31.0,43.0,25.0
1196.0,1750.0,33,23.0,100.0,2473,24.0,282.0,837.0,2587.0,28.0,48.0,21.0
1197.0,1e3,32,19.0,61.0,1016,24.0,197.0,585.0,1585.0,17.0,33.0,12.0
1198.0,1250.0,40,24.0,82.0,1428,24.0,257.0,763.0,2013.0,22.0,44.0,15.0
1199.0,1365.0,273,19.0,75.0,2553,24.0,220.0,654.0,2019.0,22.0,37.0,16.0
1200.0,1662.5,152,27.0,106.0,3198,24.0,312.0,927.0,2589.5,28.0,53.0,20.0
1201.0,1799.0,19,24.0,123.0,1714,24.0,325.0,966.0,2765.0,30.0,55.0,21.0
1202.0,1600.0,8,20.0,83.0,1090,24.0,238.0,709.0,2309.0,25.0,40.0,19.0
1203.0,1165.0,121,21.0,87.0,1801,24.0,250.0,743.0,1908.0,21.0,42.0,14.0
1204.0,1695.0,7,15.0,81.0,835,24.0,210.0,624.0,2319.0,25.0,36.0,20.0
1205.0,989.0,51,23.0,101.0,1228,24.0,283.0,842.0,1831.0,20.0,48.0,12.0
1206.0,1595.0,28,18.0,85.0,2110,24.0,232.0,689.0,2284.0,25.0,39.0,19.0
1207.0,500.0,30,24.0,85.0,2061,24.0,262.0,778.0,1278.0,14.0,44.0,6.0
1208.0,975.0,29,21.0,83.0,2929,24.0,243.0,724.0,1699.0,19.0,41.0,11.0
1209.0,1208.0,29,23.0,86.0,1860,24.0,258.0,768.0,1976.0,22.0,44.0,14.0
1210.0,1600.0,12,21.0,80.0,2230,24.0,238.0,709.0,2309.0,25.0,40.0,19.0
1211.0,1475.0,27,16.0,74.0,1284,25.0,203.0,605.0,2080.0,23.0,34.0,17.0
1212.0,1500.0,26,20.0,76.0,1311,NA,227.0,674.0,2174.0,24.0,38.0,18.0
1213.0,1162.5,4,18.0,77.0,1028,25.0,218.0,649.0,1811.5,20.0,37.0,14.0
1214.0,1648.0,95,18.0,81.0,1239,25.0,225.0,669.0,2317.0,25.0,38.0,19.0
1215.0,1200.0,50,18.0,79.0,1360,25.0,222.0,659.0,1859.0,20.0,38.0,14.0
1216.0,1600.0,30,18.0,93.0,1161,25.0,245.0,728.0,2328.0,25.0,42.0,19.0
1217.0,3097.5,2,18.0,105.0,1733,25.0,265.0,788.0,3885.5,42.0,45.0,36.0
1218.0,1218.0,185,19.0,70.0,1564,25.0,212.0,629.0,1847.0,20.0,36.0,14.0
1219.0,1800.0,26,19.0,84.0,966,25.0,235.0,699.0,2499.0,27.0,40.0,21.0
1220.0,1675.0,86,20.0,110.0,3421,25.0,283.0,842.0,2517.0,27.0,48.0,20.0
1221.0,1400.0,34,16.0,68.0,1524,25.0,193.0,575.0,1975.0,22.0,33.0,16.0
1222.0,1325.0,133,15.0,71.0,926,25.0,193.0,575.0,1900.0,21.0,33.0,16.0
1223.0,1450.0,30,13.0,59.0,991,25.0,163.0,486.0,1936.0,21.0,28.0,17.0
1224.0,950.0,93,14.0,45.0,790,25.0,145.0,431.0,1381.0,15.0,25.0,11.0
1225.0,1050.0,47,14.0,50.0,738,25.0,153.0,456.0,1506.0,16.0,26.0,12.0
1226.0,1575.0,49,14.0,46.0,1037,25.0,147.0,436.0,2011.0,22.0,25.0,19.0
1227.0,1200.0,17,14.0,57.0,935,25.0,165.0,491.0,1691.0,18.0,28.0,14.0
1228.0,1715.0,174,13.0,65.0,592,25.0,173.0,515.0,2230.0,24.0,29.0,20.0
1229.0,1575.0,25,13.0,55.0,1145,25.0,157.0,466.0,2041.0,22.0,27.0,19.0
1230.0,1672.5,28,17.0,69.0,2153,25.0,200.0,595.0,2267.5,25.0,34.0,20.0
1231.0,250.0,18,12.0,47.0,957,25.0,138.0,411.0,661.0,7.0,23.0,3.0
1232.0,1300.0,28,11.0,41.0,976,25.0,123.0,367.0,1667.0,18.0,21.0,15.0
1233.0,1300.0,7,13.0,57.0,906,25.0,160.0,476.0,1776.0,19.0,27.0,15.0
1234.0,1295.0,226,13.0,51.0,1181,25.0,150.0,446.0,1741.0,19.0,25.0,15.0
1235.0,950.0,80,14.0,53.0,820,25.0,158.0,471.0,1421.0,15.0,27.0,11.0
1236.0,1025.0,115,17.0,66.0,1051,25.0,195.0,580.0,1605.0,18.0,33.0,12.0
1237.0,1650.0,41,17.0,68.0,793,25.0,198.0,590.0,2240.0,24.0,34.0,19.0
1238.0,2375.0,6,NA,NA,NA,NA,NA,NA,NA,NA,NA,28.0
1239.0,1700.0,8,22.0,97.0,868,25.0,272.0,808.0,2508.0,27.0,46.0,20.0
1240.0,1550.0,10,19.0,85.0,1207,25.0,237.0,704.0,2254.0,25.0,40.0,18.0
1241.0,1294.0,263,14.0,67.0,536,25.0,182.0,540.0,1834.0,20.0,31.0,15.0
1242.0,1300.0,46,15.0,59.0,1583,25.0,173.0,515.0,1815.0,20.0,29.0,15.0
1243.0,1327.5,128,16.0,57.0,1311,25.0,175.0,520.0,1847.5,20.0,30.0,16.0
1244.0,1595.0,35,19.0,92.0,1450,25.0,248.0,738.0,2333.0,25.0,42.0,19.0
1245.0,1650.0,125,16.0,83.0,1541,25.0,218.0,649.0,2299.0,25.0,37.0,19.0
1246.0,1235.0,53,17.0,82.0,3360,25.0,222.0,659.0,1894.0,21.0,38.0,15.0
1247.0,1649.0,60,18.0,157.0,2477,26.0,352.0,1046.0,2695.0,29.0,60.0,19.0
1248.0,2200.0,73,21.0,127.0,2294,26.0,317.0,942.0,3142.0,34.0,54.0,26.0
1249.0,1598.0,97,33.0,184.0,214,26.0,472.0,1402.0,3e3,33.0,80.0,19.0
1250.0,1375.0,165,16.0,77.0,2130,26.0,208.0,619.0,1994.0,22.0,35.0,16.0
1251.0,1869.0,70,19.0,82.0,2493,26.0,232.0,689.0,2558.0,28.0,39.0,22.0
1252.0,1599.0,16,17.0,94.0,2338,26.0,242.0,719.0,2318.0,25.0,41.0,19.0
1253.0,1650.0,12,16.0,89.0,1241,26.0,228.0,679.0,2329.0,25.0,39.0,19.0
1254.0,1600.0,8,18.0,97.0,2117,26.0,252.0,748.0,2348.0,26.0,43.0,19.0
1255.0,1105.0,243,16.0,81.0,1739,26.0,215.0,639.0,1744.0,19.0,36.0,13.0
1256.0,1350.0,85,14.0,81.0,1535,26.0,205.0,610.0,1960.0,21.0,35.0,16.0
1257.0,1100.0,140,13.0,72.0,2205,26.0,185.0,550.0,1650.0,18.0,31.0,13.0
1258.0,1500.0,65,11.0,66.0,1174,26.0,165.0,491.0,1991.0,22.0,28.0,18.0
1259.0,950.0,69,11.0,59.0,1686,26.0,153.0,456.0,1406.0,15.0,26.0,11.0
1260.0,950.0,69,11.0,68.0,1194,26.0,168.0,501.0,1451.0,16.0,29.0,11.0
1261.0,965.0,52,17.0,111.0,1429,26.0,270.0,803.0,1768.0,19.0,46.0,11.0
1262.0,750.0,20,14.0,55.0,479,26.0,162.0,481.0,1231.0,13.0,27.0,9.0
1263.0,1195.0,10,13.0,60.0,798,26.0,165.0,491.0,1686.0,18.0,28.0,14.0
1264.0,1010.0,249,12.0,64.0,1836,26.0,167.0,496.0,1506.0,16.0,28.0,12.0
1265.0,925.0,45,12.0,68.0,1122,26.0,173.0,515.0,1440.0,16.0,29.0,11.0
1266.0,1500.0,20,14.0,73.0,1500,26.0,192.0,570.0,2070.0,23.0,32.0,18.0
1267.0,1900.0,29,13.0,114.0,1043,26.0,255.0,758.0,2658.0,29.0,43.0,22.0
1268.0,1518.0,188,12.0,84.0,3438,26.0,200.0,595.0,2113.0,23.0,34.0,18.0
1269.0,1023.0,305,12.0,60.0,2789,26.0,160.0,476.0,1499.0,16.0,27.0,12.0
1270.0,1400.0,196,8.0,44.0,5315,26.0,113.0,337.0,1737.0,19.0,19.0,16.0
1271.0,1900.0,13,NA,NA,NA,NA,NA,NA,NA,NA,NA,22.0
1273.0,1675.0,22,15.0,136.0,1344,26.0,302.0,897.0,2572.0,28.0,51.0,20.0
1274.0,1200.0,56,17.0,148.0,2255,26.0,332.0,986.0,2186.0,24.0,56.0,14.0
1275.0,1245.0,290,NA,NA,NA,NA,NA,NA,NA,NA,NA,15.0
1276.0,1430.0,142,19.0,144.0,1390,26.0,335.0,996.0,2426.0,26.0,57.0,17.0
1277.0,1695.0,7,NA,NA,NA,NA,NA,NA,NA,NA,NA,20.0
1278.0,1725.0,19,NA,NA,NA,NA,NA,NA,NA,NA,NA,20.0
1279.0,1425.0,51,35.0,224.0,107,26.0,548.0,1630.0,3055.0,33.0,93.0,17.0
1280.0,1895.0,51,20.0,136.0,3471,26.0,327.0,971.0,2866.0,31.0,55.0,22.0
1281.0,1368.0,112,17.0,132.0,2150,26.0,305.0,907.0,2275.0,25.0,52.0,16.0
1282.0,1650.0,75,NA,NA,NA,NA,NA,NA,NA,NA,NA,19.0
1283.0,1995.0,24,17.0,138.0,1412,26.0,315.0,937.0,2932.0,32.0,53.0,23.0
1284.0,2950.0,25,14.0,135.0,1779,26.0,295.0,877.0,3827.0,42.0,50.0,35.0
1285.0,1875.0,1,NA,NA,NA,NA,NA,NA,NA,NA,NA,22.0
1286.0,1800.0,41,NA,NA,NA,NA,NA,NA,NA,NA,NA,21.0
1288.0,1750.0,2,25.0,115.0,4182,26.0,317.0,942.0,2692.0,29.0,54.0,21.0
1289.0,1225.0,113,NA,NA,NA,NA,NA,NA,NA,NA,NA,14.0
1290.0,1200.0,32,35.0,137.0,2347,26.0,403.0,1199.0,2399.0,26.0,68.0,14.0
1291.0,1939.0,64,NA,NA,NA,NA,NA,NA,NA,NA,NA,23.0
1292.0,1675.0,122,25.0,107.0,1525,27.0,303.0,902.0,2577.0,28.0,51.0,20.0
1293.0,2250.0,201,11.0,58.0,1407,27.0,152.0,451.0,2701.0,29.0,26.0,26.0
1295.0,1950.0,95,16.0,73.0,2444,27.0,202.0,600.0,2550.0,28.0,34.0,23.0
1296.0,2050.0,16,44.0,222.0,135,27.0,590.0,1754.0,3804.0,41.0,100.0,24.0
1297.0,1604.0,153,NA,NA,NA,NA,NA,NA,NA,NA,NA,19.0
1298.0,1450.0,28,32.0,198.0,26,27.0,490.0,1457.0,2907.0,32.0,83.0,17.0
1299.0,1595.0,51,12.0,74.0,797,27.0,183.0,545.0,2140.0,23.0,31.0,19.0
1300.0,1700.0,13,10.0,57.0,766,27.0,145.0,431.0,2131.0,23.0,25.0,20.0
1301.0,1825.0,12,40.0,227.0,97,27.0,578.0,1720.0,3545.0,39.0,98.0,21.0
1302.0,1800.0,11,NA,NA,NA,NA,NA,NA,NA,NA,NA,21.0
1303.0,1680.0,2,NA,NA,NA,NA,NA,NA,NA,NA,NA,20.0
1304.0,1975.0,8,NA,NA,NA,NA,NA,NA,NA,NA,NA,23.0
1305.0,1895.0,11,46.0,211.0,169,27.0,582.0,1730.0,3625.0,40.0,99.0,22.0
1306.0,2200.0,28,NA,NA,NA,NA,NA,NA,NA,NA,NA,26.0
1307.0,2162.5,6,NA,NA,NA,NA,NA,NA,NA,NA,NA,25.0
1308.0,2900.0,26,NA,NA,NA,NA,NA,NA,NA,NA,NA,34.0
1309.0,3175.0,8,NA,NA,NA,NA,NA,NA,NA,NA,NA,37.0
1310.0,2150.0,11,NA,NA,NA,NA,NA,NA,NA,NA,NA,25.0
1311.0,1900.0,107,NA,NA,NA,NA,NA,NA,NA,NA,NA,22.0
1312.0,1900.0,37,NA,NA,NA,NA,NA,NA,NA,NA,NA,22.0
1313.0,1300.0,31,NA,NA,NA,NA,NA,NA,NA,NA,NA,15.0
1314.0,2950.0,27,NA,NA,NA,NA,NA,NA,NA,NA,NA,35.0
1315.0,3500.0,12,NA,NA,NA,NA,NA,NA,NA,NA,NA,41.0
1316.0,2400.0,4,NA,NA,NA,NA,NA,NA,NA,NA,NA,28.0
1317.0,1862.5,60,NA,NA,NA,NA,NA,NA,NA,NA,NA,22.0
1318.0,1625.0,31,38.0,115.0,530,29.0,382.0,1135.0,2760.0,30.0,65.0,19.0
1319.0,1600.0,62,43.0,146.0,805,29.0,458.0,1363.0,2963.0,32.0,78.0,19.0
1320.0,2275.0,52,48.0,159.0,380,29.0,505.0,1502.0,3777.0,41.0,86.0,27.0
1321.0,1297.5,54,42.0,143.0,437,29.0,448.0,1333.0,2630.5,29.0,76.0,15.0
1322.0,2750.0,7,42.0,138.0,310,29.0,440.0,1308.0,4058.0,44.0,75.0,32.0
1323.0,2250.0,117,47.0,147.0,538,29.0,480.0,1427.0,3677.0,40.0,81.0,26.0
1324.0,2e3,12,NA,NA,NA,NA,NA,NA,NA,NA,NA,24.0
1325.0,1932.0,156,35.0,130.0,928,29.0,392.0,1165.0,3097.0,34.0,66.0,23.0
1326.0,2400.0,8,33.0,90.0,433,29.0,315.0,937.0,3337.0,36.0,53.0,28.0
1327.0,1500.0,133,37.0,102.0,519,29.0,355.0,1056.0,2556.0,28.0,60.0,18.0
1328.0,1699.0,117,NA,NA,NA,NA,NA,NA,NA,NA,NA,20.0
1329.0,1435.0,16,NA,NA,NA,NA,NA,NA,NA,NA,NA,17.0
1330.0,1500.0,18,32.0,82.0,331,29.0,297.0,882.0,2382.0,26.0,50.0,18.0
1331.0,1600.0,35,33.0,109.0,464,29.0,347.0,1031.0,2631.0,29.0,59.0,19.0
1332.0,1699.0,84,34.0,73.0,493,29.0,292.0,867.0,2566.0,28.0,49.0,20.0
1334.0,2500.0,9,30.0,97.0,449,29.0,312.0,927.0,3427.0,37.0,53.0,29.0
1335.0,1702.5,94,35.0,116.0,851,29.0,368.0,1095.0,2797.5,31.0,62.0,20.0
1336.0,2400.0,39,35.0,124.0,1333,29.0,382.0,1135.0,3535.0,39.0,65.0,28.0
1337.0,1880.0,103,20.0,74.0,918,29.0,223.0,664.0,2544.0,28.0,38.0,22.0
1338.0,1425.0,46,24.0,60.0,400,29.0,220.0,654.0,2079.0,23.0,37.0,17.0
1339.0,1800.0,30,26.0,74.0,625,29.0,253.0,753.0,2553.0,28.0,43.0,21.0
1340.0,1450.0,54,29.0,99.0,783,29.0,310.0,922.0,2372.0,26.0,53.0,17.0
1341.0,1562.0,126,27.0,84.0,662,29.0,275.0,818.0,2380.0,26.0,47.0,18.0
1342.0,1570.0,52,26.0,85.0,445,29.0,272.0,808.0,2378.0,26.0,46.0,18.0
1343.0,1900.0,26,25.0,76.0,464,29.0,252.0,748.0,2648.0,29.0,43.0,22.0
1344.0,1249.0,194,26.0,65.0,574,29.0,238.0,709.0,1958.0,21.0,40.0,15.0
1345.0,1550.0,181,26.0,74.0,472,29.0,253.0,753.0,2303.0,25.0,43.0,18.0
1346.0,2155.5,56,20.0,70.0,652,29.0,217.0,644.0,2799.5,31.0,37.0,25.0
1347.0,2104.0,50,21.0,71.0,788,29.0,223.0,664.0,2768.0,30.0,38.0,25.0
1348.0,1390.0,67,11.0,53.0,2503,30.0,143.0,426.0,1816.0,20.0,24.0,16.0
1349.0,1812.0,69,11.0,41.0,1916,30.0,123.0,367.0,2179.0,24.0,21.0,21.0
1350.0,1745.0,163,15.0,49.0,2064,30.0,157.0,466.0,2211.0,24.0,27.0,21.0
1351.0,1787.5,28,10.0,29.0,948,30.0,98.0,292.0,2079.5,23.0,17.0,21.0
1352.0,2300.0,5,16.0,56.0,1106,30.0,173.0,515.0,2815.0,31.0,29.0,27.0
1353.0,2195.0,22,22.0,46.0,662,30.0,187.0,555.0,2750.0,30.0,32.0,26.0
1354.0,2400.0,15,16.0,34.0,2249,30.0,137.0,406.0,2806.0,31.0,23.0,28.0
1355.0,1585.0,20,13.0,51.0,1079,30.0,150.0,446.0,2031.0,22.0,25.0,19.0
1356.0,1676.0,131,14.0,34.0,1973,30.0,127.0,377.0,2053.0,22.0,21.0,20.0
1357.0,1679.0,205,17.0,41.0,1387,30.0,153.0,456.0,2135.0,23.0,26.0,20.0
1358.0,1550.0,203,14.0,39.0,2009,30.0,135.0,401.0,1951.0,21.0,23.0,18.0
1359.0,925.0,55,9.0,26.0,1526,30.0,88.0,263.0,1188.0,13.0,15.0,11.0
1360.0,1200.0,37,10.0,23.0,958,30.0,88.0,263.0,1463.0,16.0,15.0,14.0
1361.0,1999.0,60,6.0,13.0,756,30.0,52.0,154.0,2153.0,23.0,9.0,24.0
1362.0,1192.0,53,6.0,19.0,1097,30.0,62.0,183.0,1375.0,15.0,10.0,14.0
1363.0,910.0,34,3.0,5.0,696,30.0,23.0,69.0,979.0,11.0,4.0,11.0
1364.0,1300.0,46,3.0,13.0,1422,30.0,37.0,109.0,1409.0,15.0,6.0,15.0
1365.0,1681.0,147,8.0,38.0,1193,30.0,103.0,307.0,1988.0,22.0,18.0,20.0
1366.0,2249.0,521,9.0,18.0,2777,30.0,75.0,223.0,2472.0,27.0,13.0,26.0
1367.0,1495.0,146,13.0,39.0,1401,30.0,130.0,387.0,1882.0,21.0,22.0,18.0
1368.0,1850.0,28,13.0,36.0,1381,30.0,125.0,372.0,2222.0,24.0,21.0,22.0
1369.0,1900.0,69,9.0,26.0,1901,30.0,88.0,263.0,2163.0,24.0,15.0,22.0
1370.0,1575.0,405,13.0,27.0,2993,30.0,110.0,327.0,1902.0,21.0,19.0,19.0
1371.0,1784.0,52,12.0,26.0,1635,30.0,103.0,307.0,2091.0,23.0,18.0,21.0
1372.0,1450.0,5,11.0,25.0,1887,30.0,97.0,287.0,1737.0,19.0,16.0,17.0
1373.0,1709.0,158,11.0,27.0,2322,30.0,100.0,297.0,2006.0,22.0,17.0,20.0
1374.0,1695.0,29,10.0,21.0,2189,30.0,85.0,253.0,1948.0,21.0,14.0,20.0
1375.0,1495.0,221,11.0,26.0,2305,30.0,98.0,292.0,1787.0,19.0,17.0,18.0
1376.0,1850.0,18,10.0,33.0,2250,30.0,105.0,312.0,2162.0,24.0,18.0,22.0
1377.0,1400.0,18,12.0,41.0,1908,30.0,128.0,382.0,1782.0,19.0,22.0,16.0
1378.0,1382.5,22,12.0,35.0,3193,30.0,118.0,352.0,1734.5,19.0,20.0,16.0
1379.0,1397.5,4,12.0,51.0,1842,30.0,145.0,431.0,1828.5,20.0,25.0,16.0
1380.0,1950.0,50,16.0,61.0,2184,30.0,182.0,540.0,2490.0,27.0,31.0,23.0
1381.0,1650.0,43,15.0,45.0,3210,30.0,150.0,446.0,2096.0,23.0,25.0,19.0
1382.0,3175.0,6,16.0,59.0,2152,30.0,178.0,530.0,3705.0,40.0,30.0,37.0
1383.0,1400.0,14,NA,NA,NA,NA,NA,NA,NA,NA,NA,16.0
1384.0,1225.0,24,22.0,60.0,1851,30.0,210.0,624.0,1849.0,20.0,36.0,14.0
1385.0,1350.0,36,24.0,70.0,1105,30.0,237.0,704.0,2054.0,22.0,40.0,16.0
1386.0,1650.0,14,22.0,66.0,833,30.0,220.0,654.0,2304.0,25.0,37.0,19.0
1387.0,950.0,6,NA,NA,NA,NA,NA,NA,NA,NA,NA,11.0
1388.0,3050.0,2,NA,NA,NA,NA,NA,NA,NA,NA,NA,36.0
1389.0,1650.0,37,NA,NA,NA,NA,NA,NA,NA,NA,NA,19.0
1390.0,1200.0,42,38.0,127.0,614,31.0,402.0,1194.0,2394.0,26.0,68.0,14.0
1391.0,2e3,21,32.0,98.0,474,31.0,323.0,961.0,2961.0,32.0,55.0,24.0
1392.0,2e3,18,27.0,94.0,637,31.0,292.0,867.0,2867.0,31.0,49.0,24.0
1393.0,1100.0,16,NA,NA,NA,NA,NA,NA,NA,NA,NA,13.0
1394.0,1825.0,9,17.0,53.0,1329,31.0,173.0,515.0,2340.0,26.0,29.0,21.0
1395.0,1875.0,36,16.0,47.0,1490,31.0,158.0,471.0,2346.0,26.0,27.0,22.0
1396.0,2450.0,14,18.0,84.0,1736,31.0,230.0,684.0,3134.0,34.0,39.0,29.0
1397.0,1395.0,19,31.0,168.0,477,31.0,435.0,1293.0,2688.0,29.0,74.0,16.0
1398.0,1925.0,54,21.0,75.0,405,31.0,230.0,684.0,2609.0,28.0,39.0,23.0
1399.0,2250.0,34,21.0,66.0,402,31.0,215.0,639.0,2889.0,32.0,36.0,26.0
1400.0,1475.0,6,22.0,98.0,319,31.0,273.0,813.0,2288.0,25.0,46.0,17.0
1401.0,1800.0,6,NA,NA,NA,NA,NA,NA,NA,NA,NA,21.0
1402.0,1350.0,47,37.0,104.0,553,31.0,358.0,1065.0,2415.0,26.0,61.0,16.0
1403.0,2e3,21,NA,NA,NA,NA,NA,NA,NA,NA,NA,24.0
1404.0,1700.0,11,NA,NA,NA,NA,NA,NA,NA,NA,NA,20.0
1405.0,3200.0,2,12.0,55.0,746,32.0,152.0,451.0,3651.0,40.0,26.0,38.0
1406.0,4795.0,27,NA,NA,NA,NA,NA,NA,NA,NA,NA,56.0
1407.0,1625.0,24,19.0,61.0,1946,32.0,197.0,585.0,2210.0,24.0,33.0,19.0
1408.0,1900.0,91,20.0,64.0,1948,32.0,207.0,614.0,2514.0,27.0,35.0,22.0
1409.0,1975.0,87,18.0,55.0,2589,32.0,182.0,540.0,2515.0,27.0,31.0,23.0
1410.0,1695.0,30,15.0,53.0,1809,32.0,163.0,486.0,2181.0,24.0,28.0,20.0
1411.0,1900.0,95,19.0,71.0,2031,32.0,213.0,634.0,2534.0,28.0,36.0,22.0
1412.0,2390.0,168,17.0,39.0,3642,32.0,150.0,446.0,2836.0,31.0,25.0,28.0
1413.0,2747.5,12,14.0,52.0,764,32.0,157.0,466.0,3213.5,35.0,27.0,32.0
1414.0,3150.0,15,23.0,79.0,2357,32.0,247.0,733.0,3883.0,42.0,42.0,37.0
1415.0,1650.0,10,NA,NA,NA,NA,NA,NA,NA,NA,NA,19.0
1416.0,6750.0,28,NA,NA,NA,NA,NA,NA,NA,NA,NA,79.0
1417.0,1650.0,1,26.0,75.0,81,33.0,255.0,758.0,2408.0,26.0,43.0,19.0
1418.0,2100.0,26,39.0,106.0,1153,33.0,372.0,1105.0,3205.0,35.0,63.0,25.0
1419.0,1900.0,34,31.0,100.0,1091,33.0,322.0,956.0,2856.0,31.0,55.0,22.0
1420.0,3150.0,106,31.0,86.0,2489,33.0,298.0,887.0,4037.0,44.0,51.0,37.0
1421.0,1825.0,58,17.0,53.0,1853,33.0,173.0,515.0,2340.0,26.0,29.0,21.0
1422.0,4200.0,23,19.0,67.0,2019,33.0,207.0,614.0,4814.0,53.0,35.0,49.0
1423.0,2382.0,147,14.0,57.0,898,33.0,165.0,491.0,2873.0,31.0,28.0,28.0
1424.0,2275.0,237,17.0,63.0,1264,33.0,190.0,565.0,2840.0,31.0,32.0,27.0
1425.0,2750.0,49,20.0,66.0,1736,33.0,210.0,624.0,3374.0,37.0,36.0,32.0
1426.0,4750.0,28,NA,NA,NA,NA,NA,NA,NA,NA,NA,56.0
1427.0,2999.0,117,21.0,56.0,1909,33.0,198.0,590.0,3589.0,39.0,34.0,35.0
1428.0,2705.0,28,19.0,70.0,4020,33.0,212.0,629.0,3334.0,36.0,36.0,32.0
1429.0,2100.0,65,20.0,57.0,1580,33.0,195.0,580.0,2680.0,29.0,33.0,25.0
1430.0,1900.0,171,20.0,55.0,2266,33.0,192.0,570.0,2470.0,27.0,32.0,22.0
1431.0,1795.0,153,25.0,81.0,3038,33.0,260.0,773.0,2568.0,28.0,44.0,21.0
1432.0,2200.0,44,27.0,64.0,1712,33.0,242.0,719.0,2919.0,32.0,41.0,26.0
1433.0,2290.0,39,28.0,84.0,1185,33.0,280.0,833.0,3123.0,34.0,47.0,27.0
1434.0,2100.0,50,34.0,86.0,1924,33.0,313.0,932.0,3032.0,33.0,53.0,25.0
1435.0,7725.0,26,23.0,77.0,764,33.0,243.0,724.0,8449.0,92.0,41.0,91.0
1436.0,4e3,87,17.0,56.0,661,34.0,178.0,530.0,4530.0,49.0,30.0,47.0
1437.0,3250.0,82,25.0,82.0,2446,34.0,262.0,778.0,4028.0,44.0,44.0,38.0
1438.0,4864.0,213,21.0,85.0,2090,34.0,247.0,733.0,5597.0,61.0,42.0,57.0
1440.0,2795.0,277,25.0,70.0,2587,34.0,242.0,719.0,3514.0,38.0,41.0,33.0
1441.0,2288.0,181,19.0,72.0,1736,34.0,215.0,639.0,2927.0,32.0,36.0,27.0
1442.0,3300.0,164,23.0,56.0,1890,34.0,208.0,619.0,3919.0,43.0,35.0,39.0
1443.0,2800.0,49,16.0,50.0,1311,34.0,163.0,486.0,3286.0,36.0,28.0,33.0
1444.0,3400.0,59,20.0,62.0,1514,34.0,203.0,605.0,4005.0,44.0,34.0,40.0
1445.0,3300.0,266,21.0,66.0,1619,34.0,215.0,639.0,3939.0,43.0,36.0,39.0
1446.0,3915.0,223,27.0,70.0,1680,34.0,252.0,748.0,4663.0,51.0,43.0,46.0
1447.0,8500.0,19,27.0,54.0,516,34.0,225.0,669.0,9169.0,100.0,38.0,100.0
1448.0,3600.0,271,27.0,76.0,2965,34.0,262.0,778.0,4378.0,48.0,44.0,42.0
1449.0,2235.0,111,21.0,53.0,929,34.0,193.0,575.0,2810.0,31.0,33.0,26.0
1450.0,2700.0,178,24.0,73.0,2352,34.0,242.0,719.0,3419.0,37.0,41.0,32.0
1451.0,4250.0,50,26.0,68.0,1732,34.0,243.0,724.0,4974.0,54.0,41.0,50.0
1452.0,4500.0,90,27.0,60.0,1585,34.0,235.0,699.0,5199.0,57.0,40.0,53.0
1453.0,5600.0,22,NA,NA,NA,NA,NA,NA,NA,NA,NA,66.0
1454.0,2450.0,7,56.0,124.0,497,NA,487.0,1447.0,3897.0,43.0,82.0,29.0
