taz_key,mean_lat,mean_lon
2.0,37.79194939130435,-122.40115917391304
3.0,37.790803825,-122.406266125
4.0,37.78974415789473,-122.40378621052632
5.0,37.790210863414636,-122.4074108292683
6.0,37.789456305232555,-122.41239439534884
7.0,37.7868599079602,-122.41377878109454
8.0,37.78344786713287,-122.41238751748251
9.0,37.780883056962026,-122.41722992194093
10.0,37.77687656261682,-122.4155765271028
11.0,37.78153024081632,-122.40913696326531
12.0,37.786811552631576,-122.40115303508772
13.0,37.78987146153846,-122.39875576923076
14.0,37.79108666923077,-122.39588184615384
16.0,37.78790830533118,-122.39421714054927
17.0,37.78558955060034,-122.39088085248713
18.0,37.77931353169734,-122.39691013292433
19.0,37.77219101190476,-122.40638089285714
20.0,37.774351708333334,-122.41253902314814
21.0,37.781559306896554,-122.40172217413793
22.0,37.797367015151515,-122.39905362121212
23.0,37.79977893835617,-122.40146492465753
24.0,37.79513108695652,-122.40301786956522
25.0,37.79513155555556,-122.40733800000001
26.0,37.792945100000004,-122.4073008
27.0,37.79383782954546,-122.40906745454545
28.0,37.79306019548872,-122.41367560150377
29.0,37.79109081846154,-122.41071688923077
30.0,37.78600106402439,-122.4174296859756
31.0,37.78823556428571,-122.41809159642857
32.0,37.79155604158416,-122.41854218019802
33.0,37.79446763803681,-122.41968930674847
34.0,37.79848278205128,-122.41993732051282
35.0,37.79719662937063,-122.41496601748251
36.0,37.7988565,-122.41200254166665
37.0,37.80024412883436,-122.40838939263803
38.0,37.80268055913979,-122.40627620788531
39.0,37.801821756578946,-122.4150629868421
40.0,37.8027764353562,-122.42218407124011
41.0,37.805449986111114,-122.41093705555556
42.0,37.82243990909091,-122.36798945454545
43.0,37.803721257641925,-122.43811976855895
44.0,37.80098105339806,-122.4306406723301
45.0,37.797884268292684,-122.42983451626016
46.0,37.79378745418848,-122.4266225248691
47.0,37.79193355769231,-122.432347
48.0,37.789789180327865,-122.44200813114755
49.0,37.7941489044289,-122.43494417016316
50.0,37.79809404388715,-122.44123492789969
51.0,37.80317483333334,-122.44460992708333
52.0,37.791059477064216,-122.47444467889908
53.0,37.77052067961165,-122.47331086407767
54.0,37.77444272631579,-122.50523089473684
55.0,37.779502911392406,-122.50497010126583
56.0,37.780738,-122.508523
57.0,37.78682815625,-122.4855085
58.0,37.782870284615385,-122.48931422307692
59.0,37.77793680508474,-122.49141365254238
60.0,37.77466033802817,-122.48439187323945
61.0,37.778548896551726,-122.4829649862069
62.0,37.78309817156863,-122.47927115686275
63.0,37.776740976744186,-122.47661226744185
64.0,37.77824618181818,-122.46701128925619
65.0,37.78508381333334,-122.46968165333332
66.0,37.783948767123285,-122.46154978082191
67.0,37.77877075974026,-122.46168817532467
68.0,37.77747333898305,-122.45667727118644
69.0,37.778325093023255,-122.44758506395348
70.0,37.78486435051546,-122.45106313402061
71.0,37.78906003664922,-122.45101438219895
72.0,37.787267840336135,-122.43917763865547
73.0,37.788450306358385,-122.42944454913295
74.0,37.78535817772512,-122.43587486729858
75.0,37.787414827794564,-122.42477404531722
76.0,37.782753227848104,-122.42233368354431
77.0,37.78311786486486,-122.42953290540541
78.0,37.78145726153846,-122.42868246153846
79.0,37.77736425641026,-122.42274946153846
80.0,37.77647678448276,-122.43119747413793
81.0,37.77128385882353,-122.42631264117647
82.0,37.76817884,-122.43101368
83.0,37.76553202631579,-122.43937135526315
84.0,37.770965467391306,-122.43701310869565
85.0,37.7751179875,-122.438347175
86.0,37.77998860869565,-122.43809560869565
87.0,37.77424783739838,-122.44689659349594
88.0,37.770741232492995,-122.44494646218487
89.0,37.76552595652174,-122.44824558695652
90.0,37.76363066972477,-122.458789
91.0,37.75904067289719,-122.45700926168224
92.0,37.754654656250004,-122.45056740625
93.0,37.756477364383564,-122.44361684931506
94.0,37.75986398529412,-122.43713419117647
95.0,37.753159975609755,-122.43805164227642
96.0,37.749547516129034,-122.43933108064516
97.0,37.749688825,-122.4285984
98.0,37.75359332592593,-122.4314413037037
99.0,37.75125717857143,-122.4230484404762
100.0,37.75184801666667,-122.41892291666667
101.0,37.75934450515464,-122.4191040927835
102.0,37.76107793063584,-122.42470996531792
103.0,37.759305875,-122.43143113709678
104.0,37.76531142857143,-122.42953247619047
105.0,37.76791737931035,-122.42542571839081
106.0,37.76825688479263,-122.41937164976959
107.0,37.76734158139535,-122.41374358139535
108.0,37.768646454545454,-122.40179809090908
109.0,37.77531252443609,-122.39539616917293
110.0,37.774080647382924,-122.39108407988981
111.0,37.76104342686567,-122.3895904238806
112.0,37.76251696428571,-122.3966789563492
113.0,37.75547338059702,-122.39790058208955
114.0,37.76172031147541,-122.40186583606558
115.0,37.76024756818182,-122.40674829545455
116.0,37.76007013513513,-122.41268905405406
117.0,37.75569168292683,-122.41326573170731
118.0,37.751099792452834,-122.41509534591195
119.0,37.750925076923075,-122.41099746153847
120.0,37.751249265625,-122.407067796875
121.0,37.74627439534884,-122.40739788372093
122.0,37.744627386666664,-122.41447225333333
123.0,37.74343213157894,-122.42014081578947
124.0,37.737740234375,-122.42120904687499
125.0,37.73739252272727,-122.4130089090909
126.0,37.73478751724138,-122.42193374712643
127.0,37.7392115,-122.4284444
128.0,37.74509705511811,-122.42785009448819
129.0,37.74573389041096,-122.43799723744291
130.0,37.73897902702703,-122.43530297297298
131.0,37.7371278,-122.45247495454545
132.0,37.7284140625,-122.459670125
133.0,37.731528558490574,-122.44224312075472
134.0,37.72848110810811,-122.43565545945945
135.0,37.72304808333333,-122.43362041666667
136.0,37.72722955555555,-122.42685544444444
137.0,37.72921070370371,-122.42462948148149
138.0,37.728875566666666,-122.40892933333333
139.0,37.73537434615385,-122.4022016923077
140.0,37.73204775675676,-122.39721664864865
141.0,37.73620341176471,-122.39286423529411
142.0,37.75083922857144,-122.39296468571429
143.0,37.736524062499996,-122.38977025
144.0,37.733222,-122.38620978947368
145.0,37.7306832,-122.3778042
146.0,37.725932,-122.37839199999999
147.0,37.730051433734936,-122.3872108313253
148.0,37.723041925925926,-122.39268707407408
149.0,37.71210051764706,-122.39252715294117
150.0,37.723242937500004,-122.397628875
151.0,37.72026400000001,-122.40045540000001
152.0,37.72525304545455,-122.41195386363636
153.0,37.7161784,-122.4043832
154.0,37.71137609090909,-122.40748603030303
155.0,37.71265069565217,-122.41237730434781
156.0,37.709288176470594,-122.41652917647059
157.0,37.709613000000004,-122.41886208333334
158.0,37.7189745,-122.4097941875
159.0,37.710087242424244,-122.43129636363636
160.0,37.71866083333333,-122.42879145833334
161.0,37.719446,-122.4369005882353
162.0,37.714233517241375,-122.43868237931035
163.0,37.709809,-122.44456261538461
164.0,37.710726421052634,-122.45218934210527
165.0,37.71917609210526,-122.44179586842105
166.0,37.72204273809524,-122.45625926190476
167.0,37.71474230232558,-122.4576941744186
168.0,37.71620785620915,-122.46756922222222
169.0,37.72594663636364,-122.47122785167464
170.0,37.741053906666664,-122.47078916
171.0,37.74365925581395,-122.4596641395349
172.0,37.747117542372884,-122.4709109322034
173.0,37.75257243137255,-122.47306752941176
174.0,37.75729648837209,-122.4685207131783
175.0,37.76359543902439,-122.46797169512195
176.0,37.76405867857143,-122.47410710714286
177.0,37.759969175710594,-122.48262735400516
178.0,37.75956672857143,-122.49148338571429
179.0,37.75662961224489,-122.5002367755102
180.0,37.7610342,-122.50645492307693
181.0,37.753307904761904,-122.50646202380952
182.0,37.74116584507042,-122.50412390140846
183.0,37.74180032051282,-122.49875838461539
184.0,37.74709030769231,-122.48898719230769
185.0,37.74766348529412,-122.48172650735295
186.0,37.740525077777775,-122.4835744111111
187.0,37.73277798148148,-122.48357240740741
188.0,37.721153797235026,-122.47541433179723
189.0,37.71797032941176,-122.4769733882353
190.0,37.71452037777778,-122.49320598888889
191.0,37.706610096153845,-122.48579959615385
192.0,37.70220307692308,-122.47706961538462
193.0,37.691248979166666,-122.47783725
194.0,37.67984503164557,-122.4780559113924
195.0,37.69159761111111,-122.48980019444444
196.0,37.67978064705883,-122.49131547058823
197.0,37.67444921621622,-122.48472013513513
198.0,37.66783875806451,-122.47771387096775
199.0,37.667333846153845,-122.46535538461539
200.0,37.68652473076923,-122.46096084615385
201.0,37.68762138421053,-122.46322673157894
202.0,37.697939125,-122.46044030357143
203.0,37.697972410958904,-122.46380689041096
204.0,37.705495014925376,-122.46211141791045
205.0,37.70547317460318,-122.45147809523809
206.0,37.70327023529412,-122.42708211764706
207.0,37.70670669565217,-122.41585014492753
208.0,37.684510898734175,-122.41623562658228
209.0,37.66245151612903,-122.41938006451613
210.0,37.6614043,-122.408703
211.0,37.65717372674419,-122.42314046511628
212.0,37.649751,-122.42472577777778
213.0,37.651038419753085,-122.43522129012345
214.0,37.6548909375,-122.44660934375
215.0,37.656012305555556,-122.43196347222222
216.0,37.66331486666667,-122.4426126
217.0,37.66456080952381,-122.455561
218.0,37.65872686666667,-122.4643344888889
219.0,37.65755505263158,-122.47029215789473
220.0,37.649601171875,-122.47545309375
221.0,37.65898242222222,-122.48036497777777
222.0,37.65191408121827,-122.49138223350255
223.0,37.634776699186986,-122.48923532113822
224.0,37.617243592592594,-122.48324332098765
225.0,37.59286175,-122.50322275
226.0,37.59445435294118,-122.48663970588235
227.0,37.5920668,-122.4636101
229.0,37.6352022755102,-122.46196412244898
230.0,37.646725000000004,-122.45771986486487
231.0,37.64124973529412,-122.4539105882353
232.0,37.630741,-122.44495005
233.0,37.62301625991189,-122.42912548898678
234.0,37.6320538358209,-122.42536650746268
235.0,37.6229455,-122.42008783333334
236.0,37.613975295454544,-122.41612938636364
237.0,37.6175825,-122.4057689
238.0,37.627226578947365,-122.40682763157895
240.0,37.602599077777775,-122.39151224444446
241.0,37.60516766666667,-122.40366225
242.0,37.603804805555555,-122.41985855555556
243.0,37.592887777777776,-122.40728133333334
244.0,37.59946887323944,-122.39911294366198
245.0,37.58471837209302,-122.40076972093023
246.0,37.58591172,-122.39186842666666
247.0,37.58495709375,-122.37457953125
248.0,37.58641234042553,-122.36695731914894
249.0,37.585625234265734,-122.35355787412588
250.0,37.581719590163935,-122.3608682295082
251.0,37.578802662068966,-122.35091031724139
252.0,37.56612562130178,-122.36651072781065
253.0,37.5689843125,-122.3397456875
254.0,37.54833821052632,-122.34380831578947
255.0,37.55198491428571,-122.3269190857143
256.0,37.562056993464054,-122.32750026470589
257.0,37.56624873214285,-122.32173923214286
258.0,37.57181563636364,-122.333591
259.0,37.580488631578945,-122.33198035087719
260.0,37.572454443349756,-122.32189909852217
261.0,37.57424005769231,-122.31166011538463
262.0,37.57119833333333,-122.308674
263.0,37.56512466666667,-122.30060566666667
264.0,37.56257890909091,-122.29436036363636
265.0,37.56175325,-122.28603856034482
266.0,37.55627293939394,-122.26945651298702
267.0,37.567475445026176,-122.26581991099476
268.0,37.558659394736836,-122.26279617105263
269.0,37.55479729375,-122.2562959625
270.0,37.55216700571429,-122.25983732571429
271.0,37.5533880375,-122.2697035125
272.0,37.541502666666666,-122.27435766666667
273.0,37.535591236914605,-122.26871231955923
274.0,37.54556459717314,-122.28520406713781
275.0,37.52397911111111,-122.275856
276.0,37.532101410526316,-122.28672872631579
277.0,37.536748333333335,-122.29033027777778
278.0,37.543459033333335,-122.29630888666667
279.0,37.559432,-122.30853900000001
280.0,37.55477273333334,-122.3164962
281.0,37.54348433928571,-122.30930375
282.0,37.534485920529804,-122.3248855165563
283.0,37.5338106,-122.3120852
284.0,37.53415125555555,-122.29929635925926
285.0,37.5248633,-122.3054956
286.0,37.519700190625,-122.285069371875
287.0,37.516265257142855,-122.27587312857143
288.0,37.5097664264151,-122.30172997735849
289.0,37.51728921875,-122.30773775
290.0,37.530858748427676,-122.32566479245283
291.0,37.522907421052636,-122.33407078947369
292.0,37.520016,-122.3479066
293.0,37.533533142857145,-122.50662895918367
294.0,37.503846,-122.47011170370371
295.0,37.48487591666667,-122.42755575
296.0,37.449903642857144,-122.42263585714285
297.0,37.32773130769231,-122.31507661538461
298.0,37.3658547936508,-122.20386538095238
299.0,37.42072207017544,-122.28880396491229
300.0,37.4452075,-122.249978125
301.0,37.45911309375,-122.25652634375
302.0,37.46681985714286,-122.26659885714285
303.0,37.471777956521734,-122.25607708695652
304.0,37.48204166666667,-122.27469546666667
305.0,37.4893142,-122.2771926
306.0,37.49506197674419,-122.27885306976744
307.0,37.503283214285716,-122.2803102142857
308.0,37.49530519047619,-122.26453045238095
309.0,37.50413721,-122.26161431
310.0,37.500318,-122.2484235
311.0,37.53314618446602,-122.24744862135923
312.0,37.53785365648855,-122.24257464122137
313.0,37.497848045454546,-122.22210820454545
314.0,37.48630451578948,-122.21165612631579
315.0,37.489242088339225,-122.23177997173146
316.0,37.491974,-122.23657036363636
317.0,37.487857648044695,-122.2407215027933
318.0,37.493372666666666,-122.24966876190476
319.0,37.47964542857143,-122.24886771428571
320.0,37.46547143119266,-122.23046965137615
321.0,37.4534495,-122.23713749999999
322.0,37.459434325,-122.22425975
323.0,37.4683350411985,-122.21820425842697
324.0,37.46856694736842,-122.22595368421052
325.0,37.47729630645161,-122.23123759677419
326.0,37.48049939855072,-122.22782728985507
327.0,37.4716731875,-122.2116475625
328.0,37.474494285714286,-122.19923695238096
329.0,37.48066951162791,-122.20723853488373
330.0,37.484468578124996,-122.19629881249999
331.0,37.47666376190476,-122.16021095238095
332.0,37.4773154,-122.13666880000001
333.0,37.46672855263158,-122.13717048684211
334.0,37.46816925,-122.14402625
335.0,37.45882880952381,-122.14357559523809
336.0,37.46142952688172,-122.15972446236559
337.0,37.46307701612903,-122.16327829032258
338.0,37.475738769230766,-122.17571461538462
339.0,37.464366902439025,-122.19182512195123
340.0,37.45646331818182,-122.18301915454545
341.0,37.44868053773585,-122.18215854245284
342.0,37.4528837755102,-122.20492040816326
343.0,37.445951,-122.18373675000001
344.0,37.439303807692305,-122.18707442307694
345.0,37.43097571276596,-122.20125735106383
346.0,37.42464482828283,-122.20342882828282
347.0,37.35605587179487,-122.15597276923077
349.0,37.416987,-122.14161341666667
350.0,37.41794933333333,-122.15014666666667
351.0,37.42585455725191,-122.14711877862595
353.0,37.425996142857144,-122.15083214285714
355.0,37.43254258536585,-122.18506734146342
356.0,37.446622832589284,-122.15785295758928
357.0,37.4516516969697,-122.1433150909091
358.0,37.44468868367347,-122.13282801020408
359.0,37.43405372289157,-122.1452490120482
360.0,37.42812430078125,-122.12958215234374
361.0,37.43893796842105,-122.12138723684211
362.0,37.42344006818182,-122.1074439090909
363.0,37.42008327659575,-122.12030842553192
364.0,37.413396222222225,-122.10836983333333
365.0,37.4048991125,-122.11476363749999
366.0,37.418031813333336,-122.12840443111111
367.0,37.40963619178083,-122.12879956849315
368.0,37.382915391304344,-122.13345908695652
369.0,37.396895621621624,-122.11769094594594
370.0,37.376782750000004,-122.11169844230768
371.0,37.3927125,-122.10472043333334
372.0,37.39936176203966,-122.10330101699716
373.0,37.40466208411215,-122.09798133644861
374.0,37.41435710619469,-122.09122976991151
375.0,37.40439770895522,-122.09473304477612
376.0,37.404682695067265,-122.08010052466368
377.0,37.40300752808989,-122.07557277153558
378.0,37.39008372700297,-122.07905242136499
379.0,37.39555197087379,-122.09008143203883
380.0,37.39702950965251,-122.09597943629343
381.0,37.386171341269844,-122.08933574074074
382.0,37.37988813333333,-122.08296217333333
383.0,37.371304800000004,-122.08979959999999
384.0,37.37266304347826,-122.10412152173913
385.0,37.35495055,-122.10073084999999
386.0,37.3381935,-122.073144
387.0,37.34053120833333,-122.06810079166667
388.0,37.35645790588235,-122.08555954117648
389.0,37.377387372093025,-122.07261937209302
390.0,37.384801787037034,-122.07575524074075
391.0,37.37475866304348,-122.06169958695652
392.0,37.38003087878788,-122.05613852020203
393.0,37.380778883333335,-122.04838538333333
394.0,37.376300755102044,-122.03862502040816
395.0,37.38767888798371,-122.03787453564155
396.0,37.393619,-122.031326
397.0,37.39127973684211,-122.05977652631579
398.0,37.392421858695656,-122.06446348913043
400.0,37.402183521126766,-122.06413448591549
401.0,37.417264,-122.071901
402.0,37.41024542857143,-122.05598414285714
403.0,37.409703125,-122.008891375
404.0,37.425090210526314,-121.97097794736843
405.0,37.445732,-121.923223
406.0,37.417507816901406,-121.92483091549296
407.0,37.373671,-121.91773799999999
410.0,37.40137111753372,-121.92555647398844
412.0,37.40968533678757,-121.94228321955958
413.0,37.39698549315069,-121.95378542465754
414.0,37.38862220000001,-121.94848333333333
415.0,37.392688567741935,-121.96247882580646
416.0,37.40122023367697,-121.95660374570447
418.0,37.39563,-121.98718799999999
419.0,37.395551418604654,-121.99308104651162
420.0,37.3980868045977,-122.00059020689656
421.0,37.40457307784431,-122.00394984431138
422.0,37.401807606299215,-122.01655616535432
423.0,37.39010854347826,-122.00856471739131
424.0,37.390182518518515,-122.01758631481482
425.0,37.38564642708334,-122.02233683333333
426.0,37.37891681422018,-122.0232249885321
427.0,37.38547634586466,-122.00599790977444
428.0,37.38954375352114,-121.99211880281689
432.0,37.360292,-121.9493868
433.0,37.356704027108435,-121.95510397891566
434.0,37.348369,-121.92061899999999
435.0,37.36514469196429,-121.91237686160714
436.0,37.34541713953488,-121.96361548837208
437.0,37.3581420745098,-121.96543374509804
438.0,37.35927383333333,-121.97243733333333
439.0,37.346058,-121.97298766666667
440.0,37.34219544131455,-121.98311695305163
441.0,37.347989523006135,-121.98842120705521
442.0,37.356843,-121.98101879999999
443.0,37.36937975510204,-121.99324310204082
444.0,37.3603473375,-121.992503525
445.0,37.359434310030394,-121.99951466109422
446.0,37.370580684719535,-122.01351242166345
447.0,37.35493391588785,-122.00636579439254
448.0,37.362926243902436,-122.02071780975609
449.0,37.35879760792952,-122.02977633480177
450.0,37.37586036862745,-122.03090759215686
451.0,37.367932923529416,-122.03563920588235
452.0,37.354219241379305,-122.03841289655172
453.0,37.3633603425,-122.053832035
454.0,37.34059598717948,-122.06119223076922
455.0,37.34314878947368,-122.04369394736841
456.0,37.34447395392954,-122.03586937398373
457.0,37.34108920731707,-122.02931221951219
458.0,37.34667375,-122.0164936875
459.0,37.34315630081301,-122.00120823577235
460.0,37.32913959090909,-122.00737087190082
461.0,37.33746497222222,-121.98337846180554
462.0,37.3263565,-121.98527856666666
463.0,37.32556748917749,-121.97142722077923
464.0,37.33566954285715,-121.96018382142859
465.0,37.330373046874996,-121.96140629166666
466.0,37.33679961904762,-121.94625481547618
467.0,37.315310764705885,-121.94872976470589
468.0,37.30240640540541,-121.9464374054054
469.0,37.29813222535211,-121.95350742253521
470.0,37.309671933333334,-121.95280969666666
471.0,37.31891014028777,-121.96707985971223
472.0,37.313038388297876,-121.97503345744681
473.0,37.30600583673469,-121.97183957142857
474.0,37.29887273529412,-121.97023941176471
475.0,37.29233176811594,-121.98190811594203
476.0,37.29909105769231,-121.99146438461538
477.0,37.31514351764706,-121.9817632
478.0,37.320712660714285,-121.98059408035714
479.0,37.32117335690236,-122.0029614040404
480.0,37.30603018636364,-122.00044301818183
481.0,37.30425595652174,-122.00984708695651
482.0,37.302013699999996,-122.01822213333334
483.0,37.303786263005776,-122.02996312138728
484.0,37.320590270783846,-122.02733416152019
485.0,37.33341720849421,-122.02271978571429
486.0,37.329432174418606,-122.0420699622093
487.0,37.336653020408164,-122.05262840816326
488.0,37.32040105,-122.06926310714286
489.0,37.30477265625,-122.048188015625
490.0,37.31809997560977,-122.0460255195122
491.0,37.31099833962264,-122.03689698113207
492.0,37.299798607142854,-122.03505889285714
493.0,37.29111971428571,-122.01732462857143
494.0,37.271634666666664,-122.02393666666667
495.0,37.26543757142857,-122.04449277142857
496.0,37.24529893333333,-122.02308111111111
497.0,37.259622875,-122.00704963888889
498.0,37.28152351111111,-121.99932093333332
499.0,37.28410268333334,-121.98734502500001
500.0,37.269295267605635,-121.97509870422535
501.0,37.28241716666667,-121.97158075
502.0,37.29307452054795,-121.96934150684932
503.0,37.279151568480295,-121.95357172232646
504.0,37.281541352941176,-121.95001992647059
505.0,37.27090661607143,-121.9600075357143
506.0,37.263340827586205,-121.96796648275861
507.0,37.26003759649123,-121.9826446491228
508.0,37.25591985454545,-121.9629223
509.0,37.23222441549296,-121.97687559859155
510.0,37.238484142857146,-121.98793538095238
511.0,37.2276447028754,-121.9831311884984
512.0,37.157587694214875,-121.87019952066116
513.0,37.221113076923075,-121.97064853846153
514.0,37.232272025641024,-121.94038687179487
515.0,37.24096455,-121.91094688749999
516.0,37.241807217391305,-121.93982130434782
517.0,37.247581157894736,-121.93706313157895
518.0,37.24137212820513,-121.95748276923077
519.0,37.260109390243905,-121.9450088902439
520.0,37.25643357777778,-121.923439
521.0,37.27259236296296,-121.9360763037037
522.0,37.272896304347825,-121.92848386956521
523.0,37.269919785714286,-121.91078661904761
524.0,37.2766662,-121.9048618
525.0,37.28870733333333,-121.8869292
526.0,37.2952125,-121.8927697051282
527.0,37.30526392682927,-121.88975321951219
528.0,37.30348072826087,-121.9066919347826
529.0,37.29204933333333,-121.91440476190476
530.0,37.284029145,-121.93478358499999
531.0,37.30094274074074,-121.91847581481481
532.0,37.30442039739414,-121.92248613680782
533.0,37.30986738219895,-121.92378610471204
534.0,37.314368827102804,-121.93552548831775
535.0,37.32450535294117,-121.93071117647058
536.0,37.32078002272728,-121.91780220454545
537.0,37.31710152619048,-121.90973796666665
538.0,37.33015316814159,-121.90589734513274
539.0,37.338771125,-121.906106625
540.0,37.33336364367816,-121.91406568965517
541.0,37.32629858064516,-121.91847707258064
542.0,37.34050382608696,-121.9237992173913
543.0,37.34592991275168,-121.93232960402685
544.0,37.34349051724138,-121.94612422126437
545.0,37.350347075,-121.94648590000001
546.0,37.342646277777774,-121.90006789629629
547.0,37.3556087295082,-121.89202263934426
548.0,37.34807673556231,-121.88766286930091
549.0,37.34122772222222,-121.8891808111111
550.0,37.345242741935486,-121.87909648387097
551.0,37.34709848648649,-121.86772716216215
552.0,37.34144141935484,-121.85869093548386
553.0,37.338994885714285,-121.86401454285713
554.0,37.33779098039216,-121.87469823529412
555.0,37.32948335433071,-121.87568056692913
556.0,37.33234976923077,-121.87923813846153
557.0,37.335411963369964,-121.88661904761905
558.0,37.32955690153846,-121.89437510153846
559.0,37.314694333333335,-121.8997406
560.0,37.32673707594937,-121.88668546835443
561.0,37.32444369565218,-121.87138434782608
562.0,37.3168169,-121.87986635
563.0,37.304201767676766,-121.87770640404041
564.0,37.28566299473684,-121.87642023684211
565.0,37.276767578947364,-121.85273924561403
566.0,37.286670824561405,-121.8612853508772
567.0,37.30593946153847,-121.84637146153845
568.0,37.28905104347826,-121.84065517391304
569.0,37.283869805555554,-121.82718083333333
570.0,37.28078,-121.83241399999999
571.0,37.2784684,-121.8174004
572.0,37.292036,-121.82982166666666
573.0,37.2916845,-121.816465
574.0,37.299927499999995,-121.8378071875
575.0,37.3060946,-121.8322122
576.0,37.310941,-121.83356299999998
577.0,37.321641,-121.840864
578.0,37.315624503759395,-121.8414684887218
579.0,37.32808576470588,-121.859
580.0,37.332341,-121.84966399999999
581.0,37.32526,-121.831341
582.0,37.308697,-121.81921955555556
583.0,37.321576818181825,-121.82045331818182
584.0,37.327973,-121.831298
585.0,37.3302642,-121.8352344
586.0,37.3339365,-121.8303105
588.0,37.3417755,-121.82594183333333
589.0,37.355095866666666,-121.83341226666666
590.0,37.34630025,-121.8353365
591.0,37.352308782608695,-121.84982076811595
592.0,37.34643,-121.85178700000002
593.0,37.36427686486486,-121.86821759459458
594.0,37.357966954545454,-121.85211354545454
595.0,37.36593351219512,-121.84265948780488
596.0,37.37233073684211,-121.85534831578947
597.0,37.36269072072072,-121.85559610810812
598.0,37.374365162162164,-121.86718037837838
599.0,37.389585700000005,-121.873588675
600.0,37.38616119322034,-121.87958777966101
601.0,37.37711015652174,-121.88317903478261
603.0,37.36860548412698,-121.8993662142857
604.0,37.39341676923077,-121.90180261538461
605.0,37.38976625483871,-121.88932654838709
606.0,37.409425354679804,-121.89670182266009
607.0,37.41933829896907,-121.90549186597939
608.0,37.42840475,-121.8957405
609.0,37.436072485207106,-121.89507588757397
610.0,37.43779992857143,-121.90422164285714
611.0,37.43711005882353,-121.91039011764705
612.0,37.453530971698115,-121.91683167924528
613.0,37.459445375,-121.90696833333334
614.0,37.45953356862745,-121.90351409150327
615.0,37.442956,-121.887667
616.0,37.43937418181818,-121.877973
617.0,37.42805883870968,-121.88241612903225
618.0,37.4343366875,-121.871484625
619.0,37.42585128571429,-121.86689071428572
620.0,37.42088029411765,-121.877089
621.0,37.40999228571429,-121.880245
622.0,37.4161985625,-121.8630851875
623.0,37.41155139285714,-121.85847371428571
624.0,37.402390000000004,-121.86688260000001
625.0,37.39084857746479,-121.8638883943662
626.0,37.40255705263158,-121.85835789473684
627.0,37.38545742857143,-121.8573485
628.0,37.39853566666667,-121.83907477777777
629.0,37.38576175000001,-121.8183605
630.0,37.38336913333333,-121.83495573333333
631.0,37.38224823529412,-121.85043523529411
632.0,37.37553396078432,-121.84287929411765
633.0,37.37196286666667,-121.83292186666667
634.0,37.36103516666667,-121.83208366666666
635.0,37.36878838888889,-121.82072025000001
636.0,37.3668596,-121.8107082
637.0,37.380418250000005,-121.809079
638.0,37.351323900000004,-121.81243489999999
639.0,37.35078426086956,-121.82137582608695
640.0,37.342364,-121.81674299999999
641.0,37.353448,-121.80151000000001
642.0,37.352184,-121.794403
643.0,37.340968800000006,-121.79090206666666
644.0,37.332787,-121.80509175
645.0,37.33049565656565,-121.79142833333334
646.0,37.327004894736845,-121.79151015789475
647.0,37.3290694,-121.77870680000001
648.0,37.3178335,-121.781465625
649.0,37.31873019230769,-121.789428
650.0,37.316423625,-121.79989275
651.0,37.31031956976744,-121.80555545348837
652.0,37.308775,-121.7871595
653.0,37.31088730769231,-121.76765925641025
654.0,37.296811625000004,-121.75592482500001
655.0,37.29255226829268,-121.77826548780487
656.0,37.25262724242424,-121.77204066666667
657.0,37.234611781512605,-121.76630352941176
658.0,37.22275492307693,-121.77019884615385
659.0,37.225837750000004,-121.7707225625
660.0,37.233596192307694,-121.78009842307692
661.0,37.23540434319526,-121.79890423076924
662.0,37.233016785714284,-121.8096795
663.0,37.2360357,-121.8222671
664.0,37.24079395918368,-121.81244942857143
665.0,37.24937222222222,-121.81275991666666
666.0,37.25215608661417,-121.81641245669292
667.0,37.25594946428571,-121.82887020238094
668.0,37.26096007142857,-121.82502807142856
669.0,37.26207639423077,-121.80801836538461
670.0,37.270122416666666,-121.81173633333334
671.0,37.271660956989244,-121.83610017741937
672.0,37.270414137071654,-121.84806763239875
673.0,37.25384973333333,-121.83579206666667
674.0,37.244606821428576,-121.83102691964287
675.0,37.24302014285714,-121.8448451142857
676.0,37.245658401041666,-121.86492999479167
677.0,37.25348975,-121.86448688636364
678.0,37.2599772,-121.8519274
679.0,37.258424669491525,-121.86446692372881
680.0,37.268770428571436,-121.86358814285714
681.0,37.279072945454544,-121.8814272
682.0,37.265800000000006,-121.88126857894737
683.0,37.256535,-121.896123
684.0,37.25893651219512,-121.90456763414633
685.0,37.24907368421052,-121.901555
686.0,37.25798950909091,-121.88496012727273
687.0,37.24982157142857,-121.88509146428571
688.0,37.241013975,-121.890608175
689.0,37.22569971428572,-121.88970042857142
690.0,37.229328714285714,-121.87734635714286
691.0,37.212361,-121.865528125
692.0,37.216098107142855,-121.859821
693.0,37.21879561363637,-121.85299029545455
694.0,37.20362785714286,-121.83002957142857
695.0,37.2107325,-121.868550675
696.0,37.23274794117647,-121.86456964705883
697.0,37.181222500000004,-121.7091795
698.0,37.151286999999996,-121.6143579
699.0,37.13707333333333,-121.60673308333334
700.0,37.13117585106383,-121.64529223404256
701.0,37.103991791666665,-121.64415945833333
702.0,37.124440106060604,-121.65510386363636
703.0,37.130181199999996,-121.675715
704.0,37.03241657142857,-121.64573642857142
705.0,37.0010565,-121.58526198148148
706.0,37.022716625,-121.53081025
707.0,37.00982796,-121.56593556
708.0,37.008450952380954,-121.57798657142858
709.0,37.01572438738739,-121.57752768468468
710.0,37.01650953061225,-121.59101680272109
711.0,37.02784776923077,-121.60614184615385
712.0,37.06561595238095,-121.57966438095238
713.0,37.0921176,-121.584806
714.0,37.22163333333333,-121.5580415
715.0,37.71136457575757,-121.72313451515151
716.0,37.67664830656934,-121.75348213868614
717.0,37.68146729000001,-121.74123531000001
718.0,37.68196935,-121.72653926666666
719.0,37.71136013017751,-121.74108017159763
720.0,37.74753152380953,-121.76683164285714
721.0,37.69450304273505,-121.77920973504273
722.0,37.681445826923074,-121.78643655128205
723.0,37.68138364615385,-121.76364544615384
724.0,37.679695112903225,-121.77507905645162
725.0,37.646497,-121.77699399999999
726.0,37.664694491525424,-121.78814981355931
727.0,37.67233,-121.787058
728.0,37.69071592307692,-121.81445530769231
729.0,37.71068639130435,-121.85096300724638
730.0,37.707005638709674,-121.8903099311828
731.0,37.722719286307054,-121.9160895560166
732.0,37.71317955327869,-121.91814257991804
733.0,37.70601947169811,-121.9307613773585
734.0,37.702303979166665,-121.93946463194443
735.0,37.676320274509806,-121.93985772549019
736.0,37.6877496124031,-121.92126740310077
737.0,37.68910944444444,-121.91356084444445
738.0,37.6686848,-121.88751829166667
739.0,37.65972518,-121.88434699999999
740.0,37.67349442241379,-121.87567049137931
741.0,37.68209318181818,-121.87743936363636
742.0,37.69267186649215,-121.88541103664922
743.0,37.685903992424244,-121.87379118939394
744.0,37.6604935,-121.86427482467532
745.0,37.6619501,-121.85151935
746.0,37.640955315789476,-121.83221178947369
747.0,37.466602,-121.899525
748.0,37.4691596,-121.9145571
749.0,37.487436725,-121.923960175
750.0,37.47289306060606,-121.92081578787878
751.0,37.486678999999995,-121.97094633333334
752.0,37.49759771428571,-121.93655414285713
753.0,37.50146971428572,-121.92526064285714
754.0,37.5184708125,-121.9173821875
755.0,37.52252851219512,-121.92713439024391
756.0,37.53973510714286,-121.93899871428572
757.0,37.51734,-121.953236
758.0,37.515973311827956,-121.95680387096775
759.0,37.52143581666667,-121.97107848333333
760.0,37.533986398026315,-121.97124914473684
761.0,37.53337525563909,-121.96095693984962
762.0,37.539697688888886,-121.96404997037037
763.0,37.54101324683544,-121.97583101898734
764.0,37.535752823529414,-121.98969123529412
765.0,37.52729733333333,-121.98905688888888
766.0,37.53438800000001,-122.00350749999998
767.0,37.521507794871795,-122.0047107948718
768.0,37.53804711764706,-122.05459038235294
769.0,37.562639383333334,-122.05577053333333
770.0,37.543439684210526,-122.0451517368421
771.0,37.54554842857143,-122.03001557142858
772.0,37.534797270000006,-122.03403506
773.0,37.529909452702704,-122.03477168918918
774.0,37.55929812307692,-122.00520470769231
775.0,37.55283684920635,-121.99862053968255
776.0,37.559018909952606,-121.9951502085308
777.0,37.54983970383275,-121.98904431707317
778.0,37.55803980151025,-121.97172265372168
779.0,37.54873633333333,-121.95184033333334
780.0,37.5511734,-121.9398104
781.0,37.57487123076923,-121.96551053846154
782.0,37.577766,-121.98611786206897
783.0,37.56835147659574,-122.00588990212766
784.0,37.57073128571429,-122.01927792857143
785.0,37.55453744036697,-122.01729309174313
786.0,37.562569538461545,-122.03061492307693
787.0,37.57446471428571,-122.0368337142857
788.0,37.57292336538462,-122.04929328846154
789.0,37.5883015,-122.0567
790.0,37.57267669565217,-122.06464695652174
791.0,37.58532730769231,-122.07021746153846
793.0,37.58822734615385,-122.07525303846154
794.0,37.57608983333334,-122.08028200000001
795.0,37.591763,-122.080174
796.0,37.5997613,-122.0706088
797.0,37.60445647058824,-122.04437505882352
798.0,37.58964797916667,-122.049687
799.0,37.57746796478874,-122.04230706338029
800.0,37.589769887755104,-122.02118828061225
801.0,37.58635621495327,-122.01905473364485
802.0,37.599940375,-122.02306324999999
803.0,37.59447572727273,-122.00205909090909
804.0,37.62833300000001,-122.031972
805.0,37.61873831034483,-122.0398704137931
806.0,37.63092102857143,-122.07129017142857
807.0,37.630333,-122.073973
808.0,37.629518000000004,-122.087574
809.0,37.622533000000004,-122.078974
810.0,37.6341344,-122.10622000000001
811.0,37.63533244680851,-122.11197365957446
812.0,37.64544192307692,-122.09923026923077
813.0,37.633210375000004,-122.0969960625
814.0,37.64037714285715,-122.08733257142858
815.0,37.643512,-122.08155900000001
816.0,37.63567186666667,-122.0780218
817.0,37.63754213103448,-122.06861016551724
818.0,37.644732,-122.07194033333333
819.0,37.638195807692306,-122.05553853846153
820.0,37.63423173446328,-122.03847142372882
821.0,37.65870179069768,-122.04835785271318
822.0,37.67181014285715,-122.04099142857143
823.0,37.67103274576271,-122.07145205084745
824.0,37.66059253125,-122.07266440625
825.0,37.655806999999996,-122.07705238888889
826.0,37.64915526,-122.08818812999999
827.0,37.65078585714286,-122.09191460714285
828.0,37.66632267073171,-122.08912219512196
829.0,37.66007549019608,-122.09596211764706
830.0,37.6644879375,-122.1123501875
831.0,37.668251375000004,-122.112552375
832.0,37.67371709090909,-122.12724781818181
833.0,37.66761933333333,-122.13484199999999
834.0,37.67872163636364,-122.14318572727272
835.0,37.679615506666664,-122.13047829333333
836.0,37.677833,-122.11264383333334
837.0,37.67883758490566,-122.10352860377358
838.0,37.684275966101694,-122.09544920338983
839.0,37.67375928181818,-122.08773866363636
840.0,37.6810821875,-122.08224664583334
841.0,37.68072553448276,-122.06612886206896
842.0,37.68979810526316,-122.06421142105263
843.0,37.68703157142857,-122.054413
844.0,37.7145367,-122.030360075
845.0,37.712930916666664,-122.06454525
846.0,37.69701524528302,-122.06620633962264
847.0,37.69394471052632,-122.07802744736843
848.0,37.69752652401747,-122.08333647161572
849.0,37.704809545454545,-122.07837654545455
850.0,37.7151198,-122.0838912
852.0,37.703442375,-122.0980185
853.0,37.700914409090906,-122.10457438636364
854.0,37.698517147435894,-122.11465175641025
855.0,37.69384022077922,-122.11021677922078
856.0,37.702991185185184,-122.12302346296296
857.0,37.68696744444444,-122.10731755555555
858.0,37.68601634939759,-122.14037287951807
859.0,37.678751749999996,-122.1558325
860.0,37.68908261111111,-122.1712448611111
861.0,37.6968677,-122.1562413
862.0,37.6970698,-122.13987789999999
863.0,37.70167496296296,-122.13348233333333
864.0,37.71096003585658,-122.14301811553784
865.0,37.712320749999996,-122.13301556249999
866.0,37.716273071428574,-122.12653714285715
867.0,37.72614373076923,-122.13926843589743
868.0,37.73776390909091,-122.14732568181819
869.0,37.730453295454545,-122.15617829545455
870.0,37.73200491666667,-122.16379574999999
871.0,37.72137095192308,-122.15608796153846
872.0,37.72130488888889,-122.1684981111111
873.0,37.70306683333333,-122.18395220833334
875.0,37.7318329,-122.19098120000001
877.0,37.728757916666666,-122.17925225
878.0,37.739269263157894,-122.17153792105263
879.0,37.73870645454545,-122.16217036363636
880.0,37.746618777777776,-122.16331988888889
881.0,37.7472745,-122.1583289
882.0,37.74668367857143,-122.15385764285715
883.0,37.7490495,-122.13506225
884.0,37.76551673684211,-122.14319305263159
885.0,37.782523789473686,-122.16108370175439
886.0,37.764362440594056,-122.16323453465347
887.0,37.75984678571429,-122.16100835714286
888.0,37.7558620877193,-122.16522901754387
889.0,37.76486263414634,-122.16996968292683
890.0,37.75913791970803,-122.18000835036496
891.0,37.75553705882353,-122.17428864705883
892.0,37.74556086956522,-122.17428621739131
893.0,37.75250654901961,-122.18244919607842
894.0,37.755932,-122.1853165
895.0,37.75777603225807,-122.19170203225805
896.0,37.766957347826086,-122.21244843478262
897.0,37.77197471428571,-122.20922538095239
898.0,37.77039318367347,-122.19866610204082
899.0,37.77100602631579,-122.187142
900.0,37.7652618,-122.18168406153846
901.0,37.773928972972975,-122.17605824324325
902.0,37.781568,-122.18985
903.0,37.77727805263158,-122.19373131578948
904.0,37.780614639344265,-122.2044144262295
905.0,37.781110873015876,-122.21366704761905
906.0,37.788411473684214,-122.20253473684211
907.0,37.787580784313725,-122.18826596078432
908.0,37.792508162162164,-122.19123062162163
909.0,37.795980657142856,-122.19824571428572
910.0,37.80117944444444,-122.20704296666666
911.0,37.80090336,-122.17372728000001
912.0,37.8230313255814,-122.19196995348837
913.0,37.83305909090909,-122.2053045909091
914.0,37.8479221396648,-122.22056693854749
915.0,37.84413675,-122.24033271875
916.0,37.837100633333336,-122.23640633333333
917.0,37.82516536956522,-122.24174832608696
918.0,37.82361011627907,-122.22819004651163
919.0,37.8266785,-122.21680883333333
920.0,37.81176191666667,-122.20552270833333
921.0,37.803612928571425,-122.2143915
922.0,37.804403,-122.22247228378379
923.0,37.79382676923077,-122.21145132307693
924.0,37.79006746511628,-122.21617948837209
925.0,37.780242200000004,-122.22140284
926.0,37.772220733333334,-122.22851143333334
927.0,37.78299311111111,-122.22740405555555
928.0,37.784547155405406,-122.22960441891892
929.0,37.790865361111116,-122.22521194444444
930.0,37.79507971428572,-122.22029385714286
931.0,37.7983542117647,-122.2293435882353
932.0,37.7942214375,-122.2321508125
933.0,37.78844065853659,-122.23838418292684
934.0,37.79554159756098,-122.24663799390244
935.0,37.79799298214286,-122.2435445
936.0,37.801652636363634,-122.23838540909091
937.0,37.80776497959184,-122.22617365306122
938.0,37.81161276,-122.23573044
939.0,37.8135720990099,-122.24356600990099
940.0,37.817789160493824,-122.24973527160493
941.0,37.813074977099234,-122.25430154961832
942.0,37.810534990654205,-122.2570818411215
943.0,37.80403165789474,-122.24480707894736
944.0,37.80047044047619,-122.25275503571429
945.0,37.804200409395975,-122.26080667114094
946.0,37.7931655974026,-122.27001166233765
947.0,37.788945911764706,-122.24720979411765
948.0,37.77158223076923,-122.249072
949.0,37.76505875000001,-122.23169095
950.0,37.76184410526316,-122.23871452631579
951.0,37.75485728301887,-122.24629281132076
952.0,37.73667928571429,-122.238842
953.0,37.737784600000005,-122.2441768
954.0,37.76207218181818,-122.2517798030303
955.0,37.767491451612905,-122.24857800000001
956.0,37.770677356164384,-122.25689964383562
957.0,37.75895136842105,-122.261495
958.0,37.76442902272728,-122.27155293181819
959.0,37.77097528666667,-122.26623058666667
960.0,37.77702477777778,-122.26728194444445
961.0,37.781778440000004,-122.28557644
962.0,37.77763126804124,-122.2820757628866
963.0,37.77121298461539,-122.28397773846154
965.0,37.8050215,-122.296977
966.0,37.798713,-122.282703
967.0,37.79617336842105,-122.27456273684211
968.0,37.800652212121214,-122.27181078787879
969.0,37.80311863157895,-122.27506926315789
970.0,37.807022473684214,-122.27420355555556
971.0,37.80694394444445,-122.26681565555556
972.0,37.814628929765895,-122.26198663210702
973.0,37.82212318072289,-122.25208756626506
974.0,37.82732102840909,-122.2504185
975.0,37.83086572222222,-122.25741346296297
976.0,37.83203051923077,-122.26361842307692
977.0,37.83004619047619,-122.27263241269841
978.0,37.820829725806455,-122.27306596774194
979.0,37.81849712,-122.26723774666667
980.0,37.80943564516129,-122.27597058064516
981.0,37.80383546153846,-122.27793438461538
982.0,37.8071354047619,-122.28509145238095
983.0,37.81202277777778,-122.28176883333333
984.0,37.809021,-122.28684849999999
985.0,37.80738275,-122.290083875
986.0,37.807732578947366,-122.29405536842106
987.0,37.80986564705883,-122.29857923529413
988.0,37.81631072380953,-122.2931970952381
989.0,37.816196613636365,-122.27920895454545
990.0,37.82360152777778,-122.28033775
991.0,37.841221890481066,-122.29117416479018
992.0,37.839760731707315,-122.28027212195123
993.0,37.8458258,-122.28353583333333
994.0,37.85031904545455,-122.28047031818181
995.0,37.84950872368421,-122.27492382894737
996.0,37.84173092307692,-122.27259415384616
997.0,37.842047,-122.26510978947368
998.0,37.83886349462366,-122.25764433333333
999.0,37.84802895833333,-122.25030025000001
1e3,37.84835412987013,-122.25811445454545
1001.0,37.84920757272727,-122.26409333636364
1002.0,37.85290868,-122.26627806
1003.0,37.85449863414634,-122.25816687804878
1004.0,37.856639380000004,-122.24854374
1005.0,37.8568628961039,-122.225846
1006.0,37.86240030769231,-122.25229136923076
1007.0,37.86728465656566,-122.25094991919192
1008.0,37.8662793369863,-122.25985417534247
1009.0,37.86357069931663,-122.26029658314351
1010.0,37.85932122222222,-122.25806956296296
1011.0,37.86020594520548,-122.2667508630137
1012.0,37.85905706122449,-122.27544803061225
1013.0,37.85857972413793,-122.2823851724138
1014.0,37.86783263076923,-122.29915594615385
1015.0,37.864927492063494,-122.2936832857143
1016.0,37.86770383333334,-122.28718037373737
1017.0,37.86740406367041,-122.27564808239701
1018.0,37.868155395652174,-122.26911855652175
1019.0,37.870253500000004,-122.2560883
1020.0,37.87687696470588,-122.26180382941176
1021.0,37.87563623364486,-122.26907620560748
1022.0,37.874018859375,-122.27561271875
1023.0,37.871641502857145,-122.28768129142857
1024.0,37.87088954938272,-122.29577760493828
1025.0,37.8795538974359,-122.28980287179488
1026.0,37.880997444444446,-122.27506277777778
1027.0,37.88074279220779,-122.2697065064935
1028.0,37.88189428378379,-122.25944421621621
1029.0,37.88935267532468,-122.26060250649351
1030.0,37.89903675,-122.26729016666667
1031.0,37.899042900990096,-122.27609985148516
1032.0,37.88685131034483,-122.26732255172415
1033.0,37.892629285714285,-122.27928757142857
1034.0,37.887293481481485,-122.2872028888889
1035.0,37.8926828,-122.28902525
1036.0,37.89561325531915,-122.29778668085106
1037.0,37.88807617460317,-122.29633085714285
1038.0,37.88596,-122.301024
1039.0,37.89261898958333,-122.30528791666667
1040.0,37.90126375,-122.3058855
1041.0,37.9027715,-122.29966734999999
1042.0,37.90898835714286,-122.2905802857143
1043.0,37.90496317647059,-122.28246197058823
1044.0,37.909526761904765,-122.27503923809525
1045.0,37.9224365,-122.2919715
1046.0,37.915169999999996,-122.29720110606061
1047.0,37.914099924369744,-122.3099102857143
1048.0,37.90932765853659,-122.3059892195122
1049.0,37.90851169230769,-122.311903
1050.0,37.9132837027027,-122.32077518918919
1051.0,37.92162411111111,-122.31375877777778
1052.0,37.92792633333333,-122.30982011111111
1053.0,37.93374243478261,-122.31381930434783
1054.0,37.940886142857146,-122.322118
1055.0,37.940191535714284,-122.33012725
1056.0,37.93837125,-122.34232850000001
1057.0,37.94095296296296,-122.35059392592592
1058.0,37.928326373333334,-122.33585049333334
1059.0,37.91735634857143,-122.35145688
1060.0,37.927490775,-122.34941375
1061.0,37.933099139344264,-122.36522132786885
1062.0,37.92546947887324,-122.38702812676057
1063.0,37.940355392523365,-122.36123576635514
1064.0,37.9484767368421,-122.35538484210527
1065.0,37.947399125,-122.341887125
1066.0,37.95236363392857,-122.33293819642857
1067.0,37.95712052,-122.3531222
1068.0,37.957334209302324,-122.3643903488372
1069.0,37.98220191439689,-122.33054350583657
1070.0,37.97677275,-122.34926775000001
1071.0,37.9730722,-122.3503448
1072.0,37.963443749999996,-122.3381129
1073.0,37.97240352597402,-122.33668803246753
1074.0,37.97150112195122,-122.30751158536584
1075.0,37.95883563636364,-122.32253881818181
1076.0,37.94310796,-122.31367672
1077.0,37.95396454545455,-122.29520596363636
1078.0,37.96873795348837,-122.29105055813953
1079.0,37.96697244186046,-122.27171906976744
1080.0,37.992593867924526,-122.33024424528301
1081.0,37.9982238,-122.3280184
1082.0,38.005477,-122.30667645714286
1083.0,38.007277397260275,-122.28661930136987
1084.0,37.9835134,-122.265827
1085.0,38.0012578,-122.26886253333333
1086.0,38.007452666666666,-122.26270043209877
1087.0,37.98547183082707,-122.14099970676692
1088.0,38.0251702,-122.2552253
1089.0,38.034723192982455,-122.26702589473685
1090.0,38.05191725806452,-122.21336312903226
1091.0,38.00135225252525,-122.13389438383838
1092.0,38.016038125,-122.1351165625
1093.0,38.018571300000005,-122.13027269999999
1094.0,37.999630606837606,-122.12299473504274
1095.0,38.01287816666666,-122.09357216666666
1096.0,37.99438783495146,-122.09913324919094
1097.0,38.02774430769231,-121.9803633076923
1098.0,38.0137665,-121.95585596491227
1099.0,37.959547487804876,-121.97238858536586
1100.0,37.95112913333333,-121.94078146666666
1101.0,37.924993916666665,-121.92956958333333
1102.0,37.9154,-121.91
1103.0,37.94347338709677,-121.96181851612903
1104.0,37.950103666666664,-121.9855645
1105.0,37.956952,-121.99578916666667
1106.0,37.95455153636364,-121.96676529545455
1107.0,37.96476936231884,-121.99700968115941
1108.0,37.96848444444444,-121.98384044444444
1109.0,37.982916055555556,-122.0008137037037
1110.0,37.980837199999996,-122.01440927368421
1111.0,37.9847953902439,-122.02769829268293
1112.0,37.98737173913044,-122.03496945652174
1113.0,37.974681514705885,-122.03518687500001
1114.0,37.96807713095238,-122.04038669444445
1115.0,37.969495888888886,-122.03503108333334
1116.0,37.96840273529412,-122.01764638235294
1117.0,37.957799214285714,-122.01786842857143
1118.0,37.95137689247312,-122.02777630107526
1119.0,37.94943594642857,-122.04145932142858
1120.0,37.957985959183674,-122.04415553061224
1121.0,37.93969956612529,-122.05810258468678
1122.0,37.99528835365854,-122.04590491463415
1123.0,37.97556352953156,-122.07291184928717
1124.0,37.99081446,-122.09937076
1125.0,37.96005436111111,-122.09623802777777
1126.0,37.97583397368421,-122.08831915789473
1127.0,37.961776588235296,-122.06810085882353
1128.0,37.95356238461539,-122.07305936263737
1129.0,37.93304628813559,-122.07489250847456
1130.0,37.948449249999996,-122.083157625
1131.0,37.93009753571428,-122.10153221428571
1132.0,37.89595993442623,-122.11874368852459
1133.0,37.918375764705885,-122.08897003921568
1134.0,37.92171661139896,-122.068035373057
1135.0,37.91639520622568,-122.04581892996109
1136.0,37.92703193277311,-122.05334579831933
1137.0,37.937176083333334,-122.02750407142858
1138.0,37.93562532857143,-122.01633784285714
1139.0,37.91807133333334,-122.00014000000002
1140.0,37.919544381818184,-122.02565141818181
1141.0,37.917451,-122.03179125925925
1142.0,37.88038810810811,-122.0405495945946
1143.0,37.90684805555556,-122.04732881481482
1144.0,37.903172004728134,-122.05445875177305
1145.0,37.90872916582914,-122.06199985929648
1146.0,37.889637959459456,-122.05818924324325
1147.0,37.877165833333336,-122.05920976666667
1148.0,37.875111967213115,-122.07037729508197
1149.0,37.89128273529412,-122.07928888970588
1150.0,37.89412264885496,-122.10458233587786
1151.0,37.870294739130436,-122.10635234782609
1152.0,37.88476060305344,-122.12499151145039
1153.0,37.87126415555556,-122.16988826666667
1154.0,37.89903888235294,-122.17619935294118
1155.0,37.8877882,-122.204688
1156.0,37.85905801369863,-122.16384852054794
1157.0,37.83791958333333,-122.14430308333333
1158.0,37.85519341104295,-122.13065882822086
1159.0,37.85026025490196,-122.12349917647059
1160.0,37.82558353333334,-122.1216552
1161.0,37.81331930188679,-122.00106069811321
1162.0,37.85411725,-122.033833625
1163.0,37.8698025,-122.028240625
1164.0,37.85840297058823,-122.01493917647059
1165.0,37.84205776190476,-121.98766761904761
1166.0,37.819803300000004,-121.9815295
1167.0,37.80616448780488,-121.96389568292682
1168.0,37.769829513888894,-121.94882773611111
1169.0,37.80314648484848,-121.98500748484848
1170.0,37.778042391304346,-121.9842885900621
1171.0,37.75387917142857,-121.96528065714287
1172.0,37.727365194444445,-121.93603963888889
1173.0,37.74547833333334,-121.94827777777778
1174.0,37.735426090909094,-121.92765872727273
1175.0,37.761996348877375,-121.94807183246978
1176.0,37.77659183005618,-121.90867529353932
1177.0,37.899929662162165,-121.63044235135135
1178.0,37.93457519047619,-121.72006135034013
1179.0,37.935831664383564,-121.69078347945207
1180.0,37.991524392857144,-121.69984602380953
1181.0,38.01354352631579,-121.64018747368421
1182.0,38.00234233962264,-121.73819116981132
1183.0,38.00492969047619,-121.77557445238095
1184.0,37.98736296,-121.7695583
1185.0,37.973373163934426,-121.7547515409836
1186.0,37.971414995934964,-121.77976323577236
1187.0,37.993290230046945,-121.8060457511737
1188.0,38.00724406060606,-121.79754346212121
1189.0,38.011021634271096,-121.82573944757033
1190.0,38.00243297674419,-121.82371967441861
1191.0,38.00285293023256,-121.81551979069768
1192.0,37.99628877083334,-121.83342410416665
1193.0,37.99481732396694,-121.8310442446281
1194.0,37.9866564,-121.82015750000001
1195.0,37.97033269911505,-121.8162494159292
1196.0,37.994735909090906,-121.86216366666667
1197.0,38.00328390625,-121.84597418749999
1198.0,38.005577625,-121.864130075
1199.0,38.00869643223444,-121.87397435164836
1200.0,38.00436054901961,-121.91851328104575
1201.0,38.016767,-121.9115105263158
1202.0,38.014580875,-121.8963545
1203.0,38.02230641322314,-121.90136152892562
1204.0,38.01797828571429,-121.87778128571428
1205.0,38.034288000000004,-121.88452580392158
1206.0,38.02563175,-121.88775007142857
1207.0,38.02605203030303,-121.92515469696968
1208.0,38.024798,-121.94391778125001
1209.0,38.02904475862069,-121.95119262068965
1210.0,38.035128533333335,-121.96988013333333
1211.0,38.04930781481482,-122.14627192592593
1212.0,38.05464989285714,-122.16317510714285
1213.0,38.060442,-122.160469
1214.0,38.06390635416667,-122.15455178125
1215.0,38.0679665,-122.16762126
1216.0,38.07894333333333,-122.18351543333333
1217.0,38.09198133333334,-122.180836
1218.0,38.10987483510638,-122.19664440957447
1219.0,38.093756,-122.20344353846154
1220.0,38.068388918604654,-122.20637287209303
1221.0,38.084846441176474,-122.22432726470588
1222.0,38.0810596119403,-122.24013145522387
1223.0,38.08714056666667,-122.24069526666666
1224.0,38.101297505376344,-122.25552619354839
1225.0,38.10126721276596,-122.25071861702128
1226.0,38.097699530612246,-122.23855871428572
1227.0,38.09399170588235,-122.22561176470589
1228.0,38.0984616,-122.21250523243243
1229.0,38.10622104,-122.2083878
1230.0,38.11693696428571,-122.22124
1231.0,38.106478,-122.22644594444445
1232.0,38.10608742857143,-122.23612860714286
1233.0,38.117012714285714,-122.23509714285714
1234.0,38.10595454166667,-122.24772314583333
1235.0,38.10747,-122.2594505875
1236.0,38.11525351304348,-122.26371506956522
1237.0,38.121422048780495,-122.26820143902438
1238.0,38.094758,-122.2746355
1239.0,38.151178625,-122.26949375000001
1240.0,38.1492103,-122.2613935
1241.0,38.12324959695818,-122.25608739543726
1242.0,38.12395117391304,-122.23739304347826
1243.0,38.1324244375,-122.2438755703125
1244.0,38.14930954285714,-122.24474197142857
1245.0,38.145961544,-122.228812328
1246.0,38.12684598113208,-122.21812247169811
1247.0,38.19609844262295,-122.13492286885246
1248.0,38.23747035616438,-122.14063591780823
1249.0,38.22536757731959,-122.11347387628865
1250.0,38.24744204848485,-122.06301401212122
1251.0,38.23984071830986,-122.0392996197183
1252.0,38.275564,-121.940556
1253.0,38.252329833333334,-121.98563683333333
1254.0,38.249317625,-122.000500375
1255.0,38.249820143442626,-122.0193777090164
1256.0,38.262014630434784,-122.00033776086957
1257.0,38.266121868055556,-122.00887973611111
1258.0,38.26810781538462,-122.02227140000001
1259.0,38.26745711594203,-122.03143798550724
1260.0,38.25712262318841,-122.0269310289855
1261.0,38.25287688461538,-122.02468811538462
1262.0,38.2497567,-122.0449134
1263.0,38.255167900000004,-122.04199170000001
1264.0,38.26790089558233,-122.036872437751
1265.0,38.26801331111111,-122.04689722222221
1266.0,38.25355175,-122.05644149999999
1267.0,38.26709875862069,-122.05891727586206
1268.0,38.280620425531914,-122.05529798404255
1269.0,38.28265482295082,-122.03422284590164
1270.0,38.28291194387755,-122.00203955102042
1271.0,38.328466923076924,-121.95597492307692
1273.0,38.3416475,-121.99361950000001
1274.0,38.33830754385965,-121.98018719298244
1275.0,38.33896352413793,-121.96525
1276.0,38.34446683802817,-121.9551181197183
1277.0,38.33857371428572,-121.9527307142857
1278.0,38.34680978947369,-121.93718063157895
1279.0,38.39685929411765,-121.93047766666666
1280.0,38.35983454901961,-121.95188219607843
1281.0,38.35108144736842,-121.96952745614034
1282.0,38.37817636,-121.98147324
1283.0,38.36248954166667,-121.997816125
1284.0,38.35110048,-122.00141476
1285.0,38.377192,-122.01141399999999
1286.0,38.42310536585366,-122.02775685365853
1288.0,38.452536,-121.8355745
1289.0,38.43365471681416,-121.8292087699115
1290.0,38.1644565625,-121.70149803125
1291.0,38.17754769512195,-122.2501664390244
1292.0,38.16083199180328,-122.27146100819672
1293.0,38.27721156796117,-122.29615396601942
1295.0,38.28840429411765,-122.27293402521008
1296.0,38.3044221875,-122.272969875
1297.0,38.31677974509804,-122.28495846405228
1298.0,38.30355948275862,-122.29034679310345
1299.0,38.29294837254902,-122.28569888235293
1300.0,38.28529853846154,-122.28951130769231
1301.0,38.292412166666665,-122.29673808333334
1302.0,38.295809181818186,-122.31362563636364
1303.0,38.30263400000001,-122.316971
1304.0,38.312569374999995,-122.311046875
1305.0,38.30525945454546,-122.29937818181818
1306.0,38.331594321428575,-122.30379507142858
1307.0,38.32915666666666,-122.32229333333333
1308.0,38.28525373076923,-122.33995846153846
1309.0,38.396909875,-122.3527555
1310.0,38.40349390909091,-122.36094436363636
1311.0,38.41810782882883,-122.25066771171171
1312.0,38.597964,-122.34930296226415
1313.0,38.580116548387096,-122.45102158064516
1314.0,38.507297344827585,-122.46547731034482
1315.0,38.5017565,-122.46034374999999
1316.0,38.562831,-122.585406
1317.0,38.5818424,-122.58140895
1318.0,38.37642564516129,-122.52606003225806
1319.0,38.31691904615385,-122.48388286153846
1320.0,38.302031442307694,-122.4605996923077
1321.0,38.30591481481481,-122.48765374074074
1322.0,38.304284571428575,-122.49863114285715
1323.0,38.28528206451613,-122.46369723387096
1324.0,38.25252691666667,-122.42319599999999
1325.0,38.24054125,-122.60199123076923
1326.0,38.222809375,-122.62855125000002
1327.0,38.225854616541355,-122.64373395488722
1328.0,38.241592806722686,-122.6814556302521
1329.0,38.2484875625,-122.6847793125
1330.0,38.24250605555555,-122.65059638888889
1331.0,38.246469142857144,-122.64106008571429
1332.0,38.23042986904762,-122.634437
1334.0,38.245600555555555,-122.60926633333334
1335.0,38.25065658762887,-122.61729173195876
1336.0,38.26445230769231,-122.63834133333333
1337.0,38.34081827884616,-122.71295061538461
1338.0,38.32612519148936,-122.70771159574468
1339.0,38.327848333333336,-122.69355906666667
1340.0,38.33029833333333,-122.6841834074074
1341.0,38.35964730708661,-122.68483379527558
1342.0,38.338335192307696,-122.68722663461539
1343.0,38.33553003846154,-122.69719876923077
1344.0,38.341655990384616,-122.70821407211538
1345.0,38.34715677669903,-122.69429895145632
1346.0,38.36098208928571,-122.703489625
1347.0,38.3643805,-122.7031336
1348.0,38.4139332238806,-122.71057329850746
1349.0,38.41718607246377,-122.70205684057971
1350.0,38.42884360736196,-122.66956725766872
1351.0,38.43843590625,-122.67064534375001
1352.0,38.4303098,-122.65466880000001
1353.0,38.44063740909091,-122.60505218181818
1354.0,38.47490113333333,-122.64747473333334
1355.0,38.475738799999995,-122.67011165
1356.0,38.46649979389313,-122.67565615267175
1357.0,38.46262385581395,-122.6529583627907
1358.0,38.45366287192118,-122.67199691625616
1359.0,38.44300287272728,-122.6975824909091
1360.0,38.43655045945946,-122.70872013513514
1361.0,38.442177083333334,-122.71360328333334
1362.0,38.44811603773585,-122.70918494339622
1363.0,38.454946235294116,-122.72011323529412
1364.0,38.45704804347826,-122.71536756521739
1365.0,38.454854019867554,-122.689734
1366.0,38.48080661759082,-122.72630573996176
1367.0,38.51235017123288,-122.75995608219178
1368.0,38.50220782142858,-122.75789025
1369.0,38.48155989473684,-122.74784359210526
1370.0,38.46820722962963,-122.75652617037036
1371.0,38.46543071153846,-122.75081988461538
1372.0,38.457159,-122.7453842
1373.0,38.465884427672954,-122.73335691194968
1374.0,38.453470172413795,-122.73369162068965
1375.0,38.444639482300886,-122.75244225221239
1376.0,38.44238277777778,-122.73312838888889
1377.0,38.435156,-122.73561510526315
1378.0,38.42604909090909,-122.72769740909091
1379.0,38.4211635,-122.71946575000001
1380.0,38.407298440000005,-122.73116474
1381.0,38.4197081627907,-122.75836579069767
1382.0,38.42751716666667,-122.79621350000002
1383.0,38.4073395,-122.87593875
1384.0,38.403979291666666,-122.835866375
1385.0,38.39112641025641,-122.83676169230769
1386.0,38.38844535714286,-122.81134785714286
1387.0,38.35400216666667,-122.803019
1388.0,38.3764095,-122.8422655
1389.0,38.363017500000005,-122.99984905263157
1390.0,38.47981840476191,-123.01339571428571
1391.0,38.51442776190476,-122.99313104761904
1392.0,38.48608238888889,-122.90460744444445
1393.0,38.4970280625,-122.89235437500001
1394.0,38.54524333333333,-122.821984
1395.0,38.543516405405406,-122.80524740540541
1396.0,38.554545142857144,-122.79676357142857
1397.0,38.62126957894737,-122.84038036842105
1398.0,38.61666441818182,-122.86315489090909
1399.0,38.61006205882353,-122.86520117647059
1400.0,38.634960166666666,-122.89823083333334
1401.0,38.74499183333333,-122.93764466666666
1402.0,38.79859993617021,-123.01628182978723
1403.0,38.522729875,-123.15384483333334
1404.0,38.11308627272727,-122.51549354545453
1405.0,38.112947999999996,-122.56146299999999
1406.0,38.08014882758621,-122.51534055172414
1407.0,38.053395083333335,-122.52708916666666
1408.0,38.06117497802198,-122.53874808791208
1409.0,38.070351528735635,-122.54745126436782
1410.0,38.085706433333335,-122.5583535
1411.0,38.099293505263155,-122.57878471578947
1412.0,38.10715465680474,-122.57167855029586
1413.0,38.12423966666667,-122.58899291666665
1414.0,38.10371893333333,-122.60973033333333
1415.0,38.0977575,-122.6836313
1416.0,38.10310735714286,-122.87746264285714
1417.0,37.998733,-122.60398899999998
1418.0,38.01043685185185,-122.66318844444444
1419.0,37.996920558823525,-122.59753320588236
1420.0,37.99023154205607,-122.57387385981308
1421.0,38.00441267241379,-122.5474615
1422.0,38.01597313043478,-122.55758934782608
1423.0,38.03355409395973,-122.57692989261744
1424.0,38.01979265400844,-122.53266369620253
1425.0,38.00050555102041,-122.52459714285715
1426.0,37.98462453571429,-122.48175839285715
1427.0,37.97177427118644,-122.51209136440677
1428.0,37.96119557142857,-122.4971985
1429.0,37.964102153846156,-122.52447678461539
1430.0,37.97151539698493,-122.53125486934674
1431.0,37.98147256774194,-122.53185586451613
1432.0,37.973394431818186,-122.56336247727273
1433.0,37.9810541025641,-122.57424446153846
1434.0,37.98599527272727,-122.59338690909091
1435.0,37.96357174603175,-122.5601153968254
1436.0,37.95457121590909,-122.55033357954545
1437.0,37.94733946428571,-122.5338641904762
1438.0,37.928696920560746,-122.49540909813084
1440.0,37.936909582236844,-122.53617459868421
1441.0,37.921598016574585,-122.51560366298342
1442.0,37.902377638888886,-122.53830734444445
1443.0,37.90128530612245,-122.52089314285715
1444.0,37.89133828985507,-122.506688
1445.0,37.89687090034364,-122.49731767353951
1446.0,37.88247596946565,-122.46130476717558
1447.0,37.86858633333333,-122.46225445833333
1448.0,37.85811730463576,-122.49149056622517
1449.0,37.87572904504505,-122.51574954954955
1450.0,37.87829846629214,-122.5333230505618
1451.0,37.89294905263158,-122.53995947368422
1452.0,37.90719051111111,-122.5540819
1453.0,37.86507604545454,-122.5826900909091
1454.0,37.903419,-122.682486
NA,37.208714085374076,-121.66508764704561
